id	date	BIOMED	discipline_clinical	discipline_basic	discipline_biology	discipline_pharma	discipline_affective	discipline_dentistry	discipline_medicine_general	discipline_neurosciences	DATA	DATA_TYPE_appendixes	DATA_TYPE_data_supplements	DATA_TYPE_shared_data	FUNDER	FNS_FUNDER	EU_FUNDER	type	DOI	PMID	AOU	PUBMED	DATA_PUBMED	OPENALEX	DOI_OPENALEX	ID_OPENALEX	is_oa	oa_status	date_openalex	PMID_OPENALEX
unige:74218	2015	1	1	0	0	0	0	0	0	0	0	0	0	0	0	0	0	Article scientifique	10.1016/J.CLNU.2014.01.008	24485773	1	0	0	1	10.1016/J.CLNU.2014.01.008	W2025059392	False	closed	2015	0
unige:74671	2015	1	0	0	0	0	0	1	0	0	0	0	0	0	0	0	0	Article scientifique	10.1597/13-272	24805871	1	0	0	1	10.1597/13-272	W2089513019	False	closed	2015	0
unige:54992	2015	1	1	1	0	0	0	0	0	0	0	0	0	0	0	0	0	Article scientifique	10.1016/J.JHEP.2014.09.018	25245893	1	0	0	1	10.1016/J.JHEP.2014.09.018	W1989074294	True	hybrid	2015	0
unige:74672	2015	1	0	0	0	0	0	1	0	0	0	0	0	0	0	0	0	Article scientifique	10.1597/14-085	25275538	1	0	0	1	10.1597/14-085	W2145851361	False	closed	2015	0
unige:98743	2015	1	1	0	0	0	0	0	0	0	0	0	0	0	1	0	1	Article scientifique	10.1016/J.NEUROSCIENCE.2014.09.059	25316409	1	0	0	1	10.1016/J.NEUROSCIENCE.2014.09.059	W2073673228	True	hybrid	2015	0
unige:76344	2015	1	1	0	0	0	0	0	0	0	0	0	0	0	0	0	0	Article scientifique	10.1515/JPEM-2014-0321	25332294	1	0	0	1	10.1515/JPEM-2014-0321	W2152999813	True	green	2015	0
unige:88214	2015	1	0	1	0	0	0	0	0	0	0	0	0	0	0	0	0	Article scientifique	10.1160/TH14-05-0466	25374339	1	0	0	1	10.1160/TH14-05-0466	W1995551387	True	green	2015	0
unige:73903	2015	1	1	0	0	0	0	0	0	0	0	0	0	0	0	0	0	Article scientifique	10.1111/JTH.12793	25403550	1	0	0	1	10.1111/JTH.12793	W2119730233	True	hybrid	2015	0
unige:84320	2015	1	1	1	0	0	0	0	0	0	0	0	0	0	0	0	0	Article scientifique	10.1111/JSM.12757	25411084	1	0	0	1	10.1111/JSM.12757	W1962673114	True	green	2015	0
unige:76150	2015	1	1	0	0	0	0	0	0	0	0	0	0	0	0	0	0	Article scientifique	10.1111/PAI.12317	25443975	1	0	0	1	10.1111/PAI.12317	W2019086596	False	closed	2015	0
unige:111924	2015	1	1	0	0	0	0	0	0	0	0	0	0	0	0	0	0	Article scientifique	10.1016/J.ACRA.2014.10.008	25491739	1	0	0	1	10.1016/J.ACRA.2014.10.008	W43382572	False	closed	2015	0
unige:55985	2015	1	1	0	0	0	0	0	0	0	0	0	0	0	0	0	0	Article scientifique	10.1016/J.WNEU.2014.12.021	25527878	1	0	0	1	10.1016/J.WNEU.2014.12.021	W1994070750	False	closed	2015	0
unige:76368	2015	1	1	0	0	0	0	0	0	0	0	0	0	0	0	0	0	Article scientifique	10.1016/J.EJPN.2014.11.009	25532859	1	0	0	1	10.1016/J.EJPN.2014.11.009	W2149244169	False	closed	2015	0
unige:111922	2015	1	1	0	0	0	0	0	0	0	0	0	0	0	0	0	0	Article scientifique	10.1016/J.LEGALMED.2014.12.005	25537625	1	0	0	1	10.1016/J.LEGALMED.2014.12.005	W2075956903	False	closed	2015	0
unige:76144	2015	1	1	0	0	0	0	0	0	0	0	0	0	0	0	0	0	Article scientifique	10.1111/APA.12902	25557474	1	0	0	1	10.1111/APA.12902	W2052135074	False	closed	2015	0
unige:111927	2015	1	1	0	0	0	0	0	0	0	0	0	0	0	0	0	0	Article scientifique	10.1016/J.LEGALMED.2014.12.002	25563435	1	0	0	1	10.1016/J.LEGALMED.2014.12.002	W4235264957	False	closed	2015	0
unige:84100	2015	1	1	0	0	0	0	0	0	0	0	0	0	0	0	0	0	Article scientifique	10.1007/S00134-014-3617-9	25573498	1	0	0	1	10.1007/S00134-014-3617-9	W2017604195	True	bronze	2015	0
unige:79912	2015	1	0	1	0	0	0	0	0	0	0	0	0	0	0	0	0	Article scientifique	10.1128/AAC.04068-14	25583724	1	0	0	1	10.1128/AAC.04068-14	W2088675154	True	bronze	2015	0
unige:89774	2015	1	1	0	0	0	0	0	0	0	0	0	0	0	0	0	0	Article scientifique	10.1111/JTH.12844	25594352	1	0	0	1	10.1111/JTH.12844	W1993964222	False	closed	2015	0
unige:73901	2015	1	1	0	0	0	0	0	0	0	0	0	0	0	0	0	0	Article scientifique	10.1111/JTH.12851	25604398	1	0	0	1	10.1111/JTH.12851	W4239768798	True	hybrid	2015	0
unige:131239	2015	1	0	0	0	1	0	0	0	0	0	0	0	0	0	0	0	Article scientifique	10.1002/PCA.2548	25620461	1	0	0	1	10.1002/PCA.2548	W2144355595	False	closed	2015	0
unige:55621	2015	1	1	0	0	0	0	0	0	0	0	0	0	0	0	0	0	Article scientifique	10.3109/00365548.2014.979436	25622939	1	0	0	1	10.3109/00365548.2014.979436	W1994157820	False	closed	2015	0
unige:46326	2015	1	1	0	0	0	0	0	0	0	0	0	0	0	0	0	0	Article scientifique	10.1002/ANA.24368	25623524	1	0	0	1	10.1002/ANA.24368	W1939528805	True	green	2015	0
unige:81137	2015	1	1	1	0	0	0	0	0	0	0	0	0	0	0	0	0	Article scientifique	10.1111/ECI.12411	25627775	1	0	0	1	10.1111/ECI.12411	W2030835012	False	closed	2015	0
unige:76284	2015	1	1	0	0	0	0	0	0	0	0	0	0	0	0	0	0	Article scientifique	10.1111/ALL.12586	25640808	1	0	0	1	10.1111/ALL.12586	W2040904567	True	bronze	2015	0
unige:74687	2015	1	0	1	0	0	0	0	0	0	0	0	0	0	0	0	0	Article scientifique	10.1002/CNCY.21517	25641880	1	0	0	1	10.1002/CNCY.21517	W1527154344	True	bronze	2015	0
unige:89621	2015	1	1	0	0	0	0	0	0	0	0	0	0	0	0	0	0	Article scientifique	10.4414/SMW.2015.14103	25658140	1	0	0	1	10.4414/SMW.2015.14103	W2525182362	True	gold	2015	0
unige:79557	2015	1	1	0	0	0	0	0	0	0	0	0	0	0	0	0	0	Article scientifique	10.1159/000370125	25661477	1	0	0	1	10.1159/000370125	W2057346802	True	bronze	2015	0
unige:78624	2015	1	1	0	0	0	0	0	0	0	0	0	0	0	0	0	0	Article scientifique	10.1097/TP.0000000000000553	25675194	1	0	0	1	10.1097/TP.0000000000000553	W2069639902	True	green	2015	0
unige:76395	2015	1	0	1	0	0	0	0	0	0	0	0	0	0	0	0	0	Article scientifique	10.2217/RME.14.93	25675265	1	0	0	1	10.2217/RME.14.93	W2084020763	True	green	2015	0
unige:55674	2015	1	1	0	0	0	0	0	0	0	0	0	0	0	0	0	0	Article scientifique	10.1007/S00223-015-9964-X	25687787	1	0	0	1	10.1007/S00223-015-9964-X	W1976406436	True	bronze	2015	0
unige:85689	2015	1	1	0	0	0	0	0	0	0	0	0	0	0	0	0	0	Article scientifique	10.1007/S00417-015-2954-X	25690979	1	0	0	1	10.1007/S00417-015-2954-X	W1978504830	True	green	2015	0
unige:98739	2015	1	1	0	0	0	0	0	0	0	0	0	0	0	0	0	0	Article scientifique	10.1007/S11357-015-9755-3	25701394	1	0	0	1	10.1007/S11357-015-9755-3	W2065175741	True	green	2015	0
unige:87981	2015	1	1	0	0	0	0	0	0	0	0	0	0	0	0	0	0	Article scientifique	10.5301/JVA.5000353	25751563	1	0	0	1	10.5301/JVA.5000353	W2088362497	False	closed	2015	0
unige:76382	2015	1	1	0	0	0	0	0	0	0	0	0	0	0	0	0	0	Article scientifique	10.1038/NG.3239	25751627	1	0	0	1	10.1038/NG.3239	W2161860923	True	green	2015	0
unige:74283	2015	1	1	0	0	0	0	0	0	0	0	0	0	0	0	0	0	Article scientifique	10.1185/03007995.2015.1027183	25753599	1	0	0	1	10.1185/03007995.2015.1027183	W2067585939	True	bronze	2015	0
unige:76341	2015	1	1	0	0	0	0	0	0	0	0	0	0	0	0	0	0	Article scientifique	10.1159/000375103	25765164	1	0	0	1	10.1159/000375103	W2162856634	True	gold	2015	0
unige:76291	2015	1	1	0	0	0	0	0	0	0	0	0	0	0	0	0	0	Article scientifique	10.1016/J.EARLHUMDEV.2015.02.009	25768887	1	0	0	1	10.1016/J.EARLHUMDEV.2015.02.009	W2011263702	False	closed	2015	0
unige:78748	2015	1	1	0	0	0	0	0	0	0	0	0	0	0	1	1	0	Article scientifique	10.1109/TMI.2015.2409157	25769148	1	0	0	1	10.1109/TMI.2015.2409157	W2049130824	False	closed	2015	0
unige:56018	2015	1	1	0	0	0	0	0	0	0	0	0	0	0	0	0	0	Article scientifique	10.9738/INTSURG-D-14-00026.1	25785333	1	0	0	1	10.9738/INTSURG-D-14-00026.1	W2007164292	True	bronze	2015	0
unige:74339	2015	1	1	0	0	0	0	0	0	0	0	0	0	0	0	0	0	Article scientifique	10.1007/S10877-015-9689-4	25808456	1	0	0	1	10.1007/S10877-015-9689-4	W2121859084	True	hybrid	2015	0
unige:90124	2015	1	1	0	0	0	0	0	0	0	0	0	0	0	0	0	0	Article scientifique	10.4414/SMW.2015.14125	25811142	1	0	0	1	10.4414/SMW.2015.14125	W2159817287	True	gold	2015	0
unige:74016	2015	1	1	0	0	0	0	0	0	0	0	0	0	0	0	0	0	Article scientifique	10.1111/PAN.12652	25818094	1	0	0	1	10.1111/PAN.12652	W1977461700	False	closed	2015	0
unige:79568	2015	1	1	0	0	0	0	0	0	0	0	0	0	0	0	0	0	Article scientifique	10.1007/S00701-015-2396-6	25820630	1	0	0	1	10.1007/S00701-015-2396-6	W2045479467	True	green	2015	0
unige:79556	2015	1	1	0	0	0	0	0	0	0	0	0	0	0	0	0	0	Article scientifique	10.1159/000375315	25824858	1	0	0	1	10.1159/000375315	W1994755746	True	bronze	2015	0
unige:111915	2015	1	1	0	0	0	0	0	0	0	0	0	0	0	0	0	0	Article scientifique	10.1016/J.FORSCIINT.2015.03.010	25828953	1	0	0	1	10.1016/J.FORSCIINT.2015.03.010	W2133522541	False	closed	2015	0
unige:111885	2015	1	1	0	0	0	0	0	0	0	0	0	0	0	0	0	0	Article professionnel	10.1007/S11547-015-0532-2	25841652	1	0	0	1	10.1007/S11547-015-0532-2	W2016467089	True	green	2015	0
unige:74751	2015	1	1	1	0	0	0	0	0	0	0	0	0	0	0	0	0	Article scientifique	10.1245/S10434-015-4533-0	25845431	1	0	0	1	10.1245/S10434-015-4533-0	W1983151144	False	closed	2015	0
unige:123429	2015	1	1	0	0	0	0	0	0	0	0	0	0	0	0	0	0	Article scientifique	10.1186/S12916-014-0264-5	25856794	1	0	0	1	10.1186/S12916-014-0264-5	W2073486292	True	gold	2015	0
unige:89460	2015	1	1	0	0	0	0	0	0	0	0	0	0	0	0	0	0	Article scientifique	10.1186/S12916-015-0275-X	25858764	1	0	0	1	10.1186/S12916-015-0275-X	W2153767832	True	gold	2015	0
unige:73838	2015	1	1	0	0	0	0	0	0	0	0	0	0	0	0	0	0	Article scientifique	10.1007/S00234-015-1500-1	25859832	1	0	0	1	10.1007/S00234-015-1500-1	W2031650068	False	closed	2015	0
unige:73787	2015	1	1	0	0	0	0	0	0	0	0	0	0	0	0	0	0	Article scientifique	10.1016/J.JOCN.2014.12.025	25861889	1	0	0	1	10.1016/J.JOCN.2014.12.025	W2069354219	False	closed	2015	0
unige:78668	2015	1	1	0	0	0	0	0	0	0	0	0	0	0	0	0	0	Article professionnel	10.1007/S00330-015-3715-2	25875285	1	0	0	1	10.1007/S00330-015-3715-2	W2000184586	False	closed	2015	0
unige:76297	2015	1	1	0	0	0	0	0	0	0	0	0	0	0	0	0	0	Article scientifique	10.1097/MPG.0000000000000822	25883057	1	0	0	1	10.1097/MPG.0000000000000822	W2273062263	True	bronze	2015	0
unige:111116	2015	1	1	0	0	0	0	0	0	0	0	0	0	0	0	0	0	Article scientifique	10.1007/S00414-015-1191-5	25904078	1	0	0	1	10.1007/S00414-015-1191-5	W1970866968	True	green	2015	0
unige:75897	2015	1	1	0	0	0	0	0	0	0	0	0	0	0	0	0	0	Article scientifique	10.1007/S12020-015-0606-X	25931412	1	0	0	1	10.1007/S12020-015-0606-X	W2026732879	False	closed	2015	0
unige:89644	2015	1	0	1	0	0	0	0	0	0	0	0	0	0	0	0	0	Article scientifique	10.1007/S00216-015-8700-8	25935675	1	0	0	1	10.1007/S00216-015-8700-8	W2008244458	False	closed	2015	0
unige:76999	2015	1	1	0	0	0	0	0	0	0	0	0	0	0	0	0	0	Article scientifique	10.18553/JMCP.2015.21.5.409	25943002	1	0	0	1	10.18553/JMCP.2015.21.5.409	W2262131072	True	bronze	2015	0
unige:76360	2015	1	1	1	0	0	0	0	0	0	0	0	0	0	0	0	0	Article scientifique	10.1007/S00247-015-3352-6	25943691	1	0	0	1	10.1007/S00247-015-3352-6	W331581882	True	green	2015	0
unige:78747	2015	1	1	0	0	0	0	0	0	0	0	0	0	0	0	0	0	Article scientifique	10.1007/S00259-015-3074-X	25962589	1	0	0	1	10.1007/S00259-015-3074-X	W2137660153	False	closed	2015	0
unige:74760	2015	1	1	0	0	0	0	0	0	0	0	0	0	0	0	0	0	Article scientifique	10.1159/000381756	25967366	1	0	0	1	10.1159/000381756	W1575261153	True	bronze	2015	0
unige:72644	2015	1	1	1	0	0	0	0	0	0	0	0	0	0	0	0	0	Article scientifique	10.1364/AO.54.002400	25968528	1	0	0	1	10.1364/AO.54.002400	W1988515442	False	closed	2015	0
unige:77897	2015	1	1	0	0	0	0	0	0	0	0	0	0	0	0	0	0	Article scientifique	10.1155/2015/281976	25996768	1	0	0	1	10.1155/2015/281976	W793834783	True	gold	2015	0
unige:78953	2015	1	1	0	0	0	0	0	0	0	0	0	0	0	0	0	0	Article scientifique	10.1002/14651858.CD010664.PUB2	26006174	1	0	0	1	10.1002/14651858.CD010664.PUB2	W1482206892	True	bronze	2015	0
unige:126405	2016	1	1	1	0	0	0	0	0	0	1	0	1	0	0	0	0	Article professionnel	10.1136/GUTJNL-2014-309011	26082258	1	0	0	1	10.1136/GUTJNL-2014-309011	W2170607132	False	closed	2015	0
unige:76126	2015	1	1	0	0	0	0	0	0	0	0	0	0	0	0	0	0	Article scientifique	10.1007/S00590-015-1656-8	26084895	1	0	0	1	10.1007/S00590-015-1656-8	W573431436	False	closed	2015	0
unige:111906	2015	1	1	0	0	0	0	0	0	0	0	0	0	0	0	0	0	Article scientifique	10.1089/HUMC.2015.2519	26086761	1	0	0	1	10.1089/HUMC.2015.2519	W2613169906	True	green	2015	0
unige:86855	2015	1	0	1	0	0	0	0	0	0	0	0	0	0	0	0	0	Article scientifique	10.7554/ELIFE.06678	26090907	1	0	0	1	10.7554/ELIFE.06678	W2131881173	True	gold	2015	0
unige:89628	2015	1	1	0	0	0	0	0	0	0	0	0	0	0	0	0	0	Article scientifique	10.1097/01.HJH.0000467539.29779.1A	26102908	1	0	0	1	10.1097/01.HJH.0000467539.29779.1A	W2409483935	True	bronze	2015	0
unige:89552	2015	1	1	0	0	0	0	0	0	0	0	0	0	0	0	0	0	Article scientifique		26125255	1	0	0	1		W773586911	False	closed	2015	0
unige:76367	2015	1	1	0	0	0	0	0	0	0	0	0	0	0	0	0	0	Article scientifique	10.1212/WNL.0000000000001805	26138949	1	0	0	1	10.1212/WNL.0000000000001805	W1715391940	True	green	2015	0
unige:111573	2017	1	1	0	0	0	0	0	0	0	0	0	0	0	0	0	0	Article scientifique	10.1016/J.LEGALMED.2015.06.006	26141952	1	0	0	1	10.1016/J.LEGALMED.2015.06.006	W1465741585	False	closed	2017	0
unige:84042	2015	1	1	0	0	0	0	0	0	0	0	0	0	0	0	0	0	Article scientifique	10.1007/S00281-015-0509-1	26152639	1	0	0	1	10.1007/S00281-015-0509-1	W751929548	True	green	2015	0
unige:79940	2015	1	1	0	0	0	0	0	0	0	0	0	0	0	0	0	0	Article scientifique	10.1038/LEU.2015.145	26159051	1	0	0	1	10.1038/LEU.2015.145	W1544009694	True	green	2015	0
unige:80780	2015	1	1	0	0	0	0	1	0	0	0	0	0	0	0	0	0	Article scientifique		26169366	1	0	0	1	10.61872/SDJ-2015-04-04	W848446107	True	hybrid	2015	0
unige:86854	2015	1	0	1	0	0	0	0	0	0	0	0	0	0	0	0	0	Article scientifique	10.1016/J.NEURON.2015.06.033	26182422	1	0	0	1	10.1016/J.NEURON.2015.06.033	W1592663088	True	hybrid	2015	0
unige:74132	2015	1	0	1	0	0	0	0	0	0	0	0	0	0	0	0	0	Article scientifique	10.1364/AO.54.005320	26192830	1	0	0	1	10.1364/AO.54.005320	W1593106976	False	closed	2015	0
unige:76061	2015	1	1	0	0	0	0	0	0	0	0	0	0	0	0	0	0	Article scientifique	10.1080/15265161.2015.1048003	26225514	1	0	0	1	10.1080/15265161.2015.1048003	W1770365849	False	closed	2015	0
unige:131236	2015	1	0	0	0	1	0	0	0	0	0	0	0	0	0	0	0	Article scientifique	10.1039/C5CC05948H	26267411	1	0	0	1	10.1039/C5CC05948H	W1930687361	False	closed	2015	0
unige:90456	2015	1	1	0	0	0	0	0	0	0	0	0	0	0	0	0	0	Article scientifique	10.1111/1556-4029.12816	26272453	1	0	0	1	10.1111/1556-4029.12816	W1906733560	False	closed	2015	0
unige:75367	2015	1	0	1	0	0	0	0	0	0	0	0	0	0	0	0	0	Article scientifique	10.1371/JOURNAL.PONE.0135579	26275216	1	0	0	1	10.1371/JOURNAL.PONE.0135579	W2096194577	True	gold	2015	0
unige:78933	2015	1	1	0	0	0	0	0	0	0	0	0	0	0	0	0	0	Article scientifique	10.1016/J.YEBEH.2015.06.044	26276417	1	0	0	1	10.1016/J.YEBEH.2015.06.044	W1896793280	True	green	2015	0
unige:111808	2015	1	1	0	0	0	0	0	0	0	0	0	0	0	0	0	0	Article scientifique	10.1097/PAF.0000000000000189	26280883	1	0	0	1	10.1097/PAF.0000000000000189	W2416297486	False	closed	2015	0
unige:76335	2015	1	1	0	0	0	0	0	0	0	0	0	0	0	0	0	0	Article scientifique	10.1111/EPI.13105	26293471	1	0	0	1	10.1111/EPI.13105	W2105487180	True	bronze	2015	0
unige:78849	2015	1	1	1	0	0	0	0	0	0	0	0	0	0	0	0	0	Article scientifique	10.1016/J.VIROL.2015.08.012	26343863	1	0	0	1	10.1016/J.VIROL.2015.08.012	W1472457607	True	hybrid	2015	0
unige:79019	2015	1	0	0	0	0	0	1	0	0	0	0	0	0	0	0	0	Article scientifique	10.3290/J.QI.A34701	26345100	1	0	0	1	10.3290/J.QI.A34701	W1633376748	False	closed	2015	0
unige:77674	2015	1	0	1	0	0	0	0	0	0	0	0	0	0	0	0	0	Autre article		26349101	1	0	0	1	10.1016/J.NEURON.2015.06.027	W1903172692	True	hybrid	2015	0
unige:74000	2015	1	1	1	0	0	0	0	0	0	0	0	0	0	0	0	0	Article scientifique	10.1364/JOSAA.32.000586	26366767	1	0	0	1	10.1364/JOSAA.32.000586	W2110322474	False	closed	2015	0
unige:90500	2015	1	1	0	0	0	0	0	0	0	0	0	0	0	0	0	0	Article scientifique	10.1159/000433552	26366842	1	0	0	1	10.1159/000433552	W1882883319	False	closed	2015	0
unige:90502	2015	1	1	0	0	0	0	0	0	0	0	0	0	0	0	0	0	Article scientifique	10.1159/000433553	26366985	1	0	0	1	10.1159/000433553	W1857335217	False	closed	2015	0
unige:77658	2015	1	1	0	0	0	0	0	0	0	0	0	0	0	0	0	0	Article scientifique	10.1159/000433554	26367113	1	0	0	1	10.1159/000433554	W1926314187	False	closed	2015	0
unige:89484	2015	1	1	0	0	0	0	0	0	0	0	0	0	0	0	0	0	Article scientifique	10.1159/000436986	26376741	1	0	0	1	10.1159/000436986	W2175538817	False	closed	2015	0
unige:75371	2015	1	1	1	0	0	0	0	0	0	0	0	0	0	0	0	0	Article scientifique	10.1093/DATABASE/BAV081	26384372	1	0	0	1	10.1093/DATABASE/BAV081	W2205636404	True	gold	2015	0
unige:76937	2015	1	1	1	0	0	0	0	0	0	0	0	0	0	0	0	0	Article scientifique	10.1172/JCI80454	26389677	1	0	0	1	10.1172/JCI80454	W2115152359	True	bronze	2015	0
unige:83801	2015	1	0	1	0	0	0	0	0	0	0	0	0	0	0	0	0	Article scientifique	10.1159/000439402	26440531	1	0	0	1	10.1159/000439402	W2180050032	False	closed	2015	0
unige:79637	2016	1	1	1	0	0	0	0	0	0	0	0	0	0	0	0	0	Article scientifique	10.1136/ANNRHEUMDIS-2015-207477	26452537	1	0	0	1	10.1136/ANNRHEUMDIS-2015-207477	W2268676806	False	closed	2015	0
unige:78225	2015	1	1	0	0	0	0	0	0	0	0	0	0	0	0	0	0	Article scientifique	10.1186/S12913-015-1131-6	26467298	1	0	0	1	10.1186/S12913-015-1131-6	W2138706046	True	gold	2015	0
unige:87635	2015	1	1	0	0	0	0	0	0	0	0	0	0	0	0	0	0	Article scientifique	10.2196/JMIR.3891	26471079	1	0	0	1	10.2196/JMIR.3891	W1907304291	True	gold	2015	0
unige:156404	2015	1	0	0	0	0	0	1	0	0	0	0	0	0	0	0	0	Article scientifique	10.4103/0970-9290.167633	26481891	1	0	0	1	10.4103/0970-9290.167633	W1762273104	True	gold	2015	0
unige:87993	2015	1	1	0	0	0	0	0	0	0	0	0	0	0	0	0	0	Article scientifique	10.1136/RMDOPEN-2014-000040	26509062	1	0	0	1	10.1136/RMDOPEN-2014-000040	W1985557489	True	gold	2015	0
unige:89121	2016	1	1	0	0	0	0	0	0	0	0	0	0	0	0	0	0	Article scientifique	10.1002/IJC.29913	26537763	1	0	0	1	10.1002/IJC.29913	W2149958411	True	hybrid	2015	0
unige:78227	2015	1	1	0	0	0	0	0	1	0	0	0	0	0	0	0	0	Article scientifique	10.3402/MEO.V20.28133	26563958	1	0	0	1	10.3402/MEO.V20.28133	W2119702056	True	gold	2015	0
unige:87951	2015	1	1	0	0	0	0	0	0	0	0	0	0	0	0	0	0	Article scientifique	10.1159/000438540	26584278	1	0	0	1	10.1159/000438540	W2216199002	True	gold	2015	0
unige:126340	2016	1	1	0	0	0	0	0	0	0	0	0	0	0	0	0	0	Article scientifique	10.1037/ADB0000137	26653150	1	0	0	1	10.1037/ADB0000137	W2418112008	True	green	2016	0
unige:100300	2016	1	1	0	0	0	0	0	0	0	0	0	0	0	0	0	0	Article scientifique	10.1088/1741-2560/13/1/016011	26656212	1	0	0	1	10.1088/1741-2560/13/1/016011	W2218802708	True	hybrid	2015	0
unige:99469	2016	1	1	0	0	0	0	0	0	0	0	0	0	0	0	0	0	Article scientifique	10.1016/J.JBSPIN.2015.05.012	26677998	1	0	0	1	10.1016/J.JBSPIN.2015.05.012	W2204371895	False	closed	2016	0
unige:111057	2016	1	1	0	0	0	0	0	0	0	0	0	0	0	0	0	0	Article scientifique	10.1007/S00414-015-1303-2	26690910	1	0	0	1	10.1007/S00414-015-1303-2	W2219616716	False	closed	2015	0
unige:88593	2016	1	1	1	0	0	0	0	0	0	0	0	0	0	0	0	0	Article scientifique	10.1128/AAC.02333-15	26711778	1	0	0	1	10.1128/AAC.02333-15	W2208075267	True	bronze	2016	0
unige:89957	2015	1	1	0	0	0	0	0	0	0	0	0	0	0	0	0	0	Autre article		26727731	1	0	0	1		W2338556790	False	closed	2015	0
unige:87450	2015	1	1	0	0	0	0	0	0	0	0	0	0	0	0	0	0	Article scientifique	10.1186/CC14719	26728101	1	0	0	1	10.1186/CC14719	W2176102307	True	gold	2015	0
unige:87449	2015	1	1	0	0	0	0	0	0	0	0	0	0	0	0	0	0	Article scientifique	10.1186/CC14723	26728859	1	0	0	1	10.1186/CC14723	W2181594519	True	gold	2015	0
unige:111575	2015	1	1	0	0	0	0	0	0	0	0	0	0	0	0	0	0	Article scientifique	10.1109/EMBC.2015.7318831	26736731	1	0	0	1	10.1109/EMBC.2015.7318831	W2295197585	False	closed	2015	0
unige:88437	2015	1	0	1	0	0	0	0	0	0	0	0	0	0	0	0	0	Article scientifique	10.1109/EMBC.2015.7319610	26737510	1	0	0	1	10.1109/EMBC.2015.7319610	W2294864044	False	closed	2015	0
unige:111188	2016	1	1	0	0	0	0	0	0	0	0	0	0	0	0	0	0	Article scientifique	10.1016/J.FORSCIINT.2015.12.002	26773220	1	0	0	1	10.1016/J.FORSCIINT.2015.12.002	W2204293909	False	closed	2016	0
unige:90685	2016	1	1	0	0	0	0	0	0	0	0	0	0	0	0	0	0	Article scientifique	10.1088/0031-9155/61/3/1309	26796770	1	0	0	1	10.1088/0031-9155/61/3/1309	W2296044681	False	closed	2016	0
unige:84416	2016	1	0	1	0	0	0	0	0	0	0	0	0	0	0	0	0	Article scientifique	10.3727/096368916X690421	26810970	1	0	0	1	10.3727/096368916X690421	W2412195156	True	bronze	2016	0
unige:87428	2016	1	0	1	0	0	0	0	0	0	0	0	0	0	0	0	0	Article scientifique	10.1002/WRNA.1332	26821858	1	0	0	1	10.1002/WRNA.1332	W2301274246	True	hybrid	2016	0
unige:84537	2016	1	1	0	0	0	0	0	0	0	0	0	0	0	0	0	0	Article scientifique	10.1159/000439417	26824366	1	0	0	1	10.1159/000439417	W2300577127	False	closed	2016	0
unige:138545	2016	1	1	0	0	0	0	0	0	0	0	0	0	0	0	0	0	Chapitre de livre	10.1159/000439412	26824893	1	0	0	1	10.1159/000439412	W2270497715	False	closed	2016	0
unige:83905	2016	1	1	0	0	0	0	0	0	0	0	0	0	0	0	0	0	Article scientifique	10.1364/AO.55.000757	26836077	1	0	0	1	10.1364/AO.55.000757	W2411548527	False	closed	2016	0
unige:90720	2016	1	1	0	0	0	0	0	0	0	0	0	0	0	0	0	0	Article scientifique		26845684	1	0	0	1	10.2174/1570161114999160204151620	W2335408473	False	closed	2016	0
unige:100422	2016	1	1	0	0	0	0	0	0	0	0	0	0	0	0	0	0	Article scientifique	10.1093/EHJCI/JEV354	26864186	1	0	0	1	10.1093/EHJCI/JEV354	W2263916923	True	bronze	2016	0
unige:111985	2016	1	1	0	0	0	0	0	0	0	0	0	0	0	0	0	0	Article professionnel	10.1007/S00414-016-1328-1	26886107	1	0	0	1	10.1007/S00414-016-1328-1	W2281292767	False	closed	2016	0
unige:86168	2016	1	1	0	0	0	0	0	1	0	0	0	0	0	0	0	0	Article scientifique	10.2196/RESPROT.4938	26888076	1	0	0	1	10.2196/RESPROT.4938	W2282713295	True	gold	2016	0
unige:92756	2016	1	1	0	0	0	0	0	0	0	0	0	0	0	0	0	0	Article scientifique	10.1159/000444318	26901055	1	0	0	1	10.1159/000444318	W2276806118	True	green	2016	0
unige:90209	2016	1	1	0	0	0	0	0	0	0	0	0	0	0	0	0	0	Article scientifique	10.1097/IMI.0000000000000238	26901750	1	0	0	1	10.1097/IMI.0000000000000238	W2273929605	True	bronze	2016	0
unige:87617	2016	1	1	0	0	0	0	0	0	0	0	0	0	0	0	0	0	Article scientifique	10.1007/S00347-016-0229-5	26906153	1	0	0	1	10.1007/S00347-016-0229-5	W2277433284	False	closed	2016	0
unige:96716	2016	1	1	0	0	0	0	0	0	0	0	0	0	0	0	0	0	Article scientifique	10.1016/J.JACC.2015.11.056	26916495	1	0	0	1	10.1016/J.JACC.2015.11.056	W2275960723	True	bronze	2016	0
unige:85500	2016	1	1	1	0	0	0	0	0	0	0	0	0	0	0	0	0	Article scientifique	10.3389/FNBEH.2016.00021	26924970	1	0	0	1	10.3389/FNBEH.2016.00021	W2281825569	True	gold	2016	0
unige:92353	2016	1	1	0	0	0	0	0	0	0	0	0	0	0	1	1	0	Article scientifique	10.1001/JAMAINTERNMED.2015.7676	26927307	1	0	0	1	10.1001/JAMAINTERNMED.2015.7676	W2274928131	True	bronze	2016	0
unige:87638	2016	1	1	0	0	0	0	0	0	0	0	0	0	0	0	0	0	Article scientifique	10.2807/1560-7917.ES.2016.21.8.30143	26940884	1	0	0	1	10.2807/1560-7917.ES.2016.21.8.30143	W2278642246	True	gold	2016	0
unige:84215	2016	1	1	0	0	0	0	0	0	0	0	0	0	0	0	0	0	Article scientifique	10.1038/BMT.2016.34	26950373	1	0	0	1	10.1038/BMT.2016.34	W2296631654	True	bronze	2016	0
unige:89722	2016	1	0	1	0	0	0	0	0	0	0	0	0	0	0	0	0	Article scientifique	10.1016/J.BBAMCR.2016.03.012	26979549	1	0	0	1	10.1016/J.BBAMCR.2016.03.012	W2293240373	True	green	2016	0
unige:88489	2016	1	1	1	0	0	0	0	0	0	0	0	0	0	0	0	0	Article scientifique	10.1159/000443070	26982498	1	0	0	1	10.1159/000443070	W2299666228	True	gold	2016	0
unige:111988	2016	1	1	0	0	0	0	0	0	0	0	0	0	0	0	0	0	Article scientifique	10.1007/S00414-016-1360-1	27002627	1	0	0	1	10.1007/S00414-016-1360-1	W2309551549	False	closed	2016	0
unige:87642	2016	1	1	0	0	0	0	0	0	0	0	0	0	0	0	0	0	Article scientifique	10.1371/JOURNAL.PONE.0152248	27031464	1	0	0	1	10.1371/JOURNAL.PONE.0152248	W2321854270	True	gold	2016	0
unige:84017	2016	1	0	1	0	0	0	0	0	0	0	0	0	0	0	0	0	Article scientifique	10.1172/JCI83657	27064285	1	0	0	1	10.1172/JCI83657	W2329987517	True	bronze	2016	0
unige:83977	2016	1	1	1	0	0	0	0	0	0	0	0	0	0	0	0	0	Article scientifique	10.1016/J.JHEP.2016.02.013	27084031	1	0	0	1	10.1016/J.JHEP.2016.02.013	W2336779096	True	hybrid	2016	0
unige:85369	2016	1	1	0	1	0	0	0	0	0	0	0	0	0	0	0	0	Article scientifique	10.3201/EID2205.151807	27088842	1	0	0	1	10.3201/EID2205.151807	W2316938431	True	gold	2016	0
unige:83923	2016	1	0	0	0	0	0	1	0	0	0	0	0	0	0	0	0	Article professionnel		27093769	1	0	0	1		W2406199990	False	closed	2016	0
unige:85502	2016	1	1	1	0	0	0	0	0	0	0	0	0	0	0	0	0	Article scientifique	10.1016/J.AMJMED.2016.04.010	27154776	1	0	0	1	10.1016/J.AMJMED.2016.04.010	W2346664709	False	closed	2016	0
unige:111990	2016	1	1	0	0	0	0	0	0	0	0	0	0	0	0	0	0	Article scientifique	10.1016/J.LEGALMED.2016.04.003	27161923	1	0	0	1	10.1016/J.LEGALMED.2016.04.003	W2337246103	False	closed	2016	0
unige:85501	2016	1	1	0	0	0	0	0	0	0	0	0	0	0	0	0	0	Article scientifique	10.1111/EPI.13391	27173016	1	0	0	1	10.1111/EPI.13391	W2381785560	True	bronze	2016	0
unige:89686	2016	1	1	0	0	0	0	0	0	0	0	0	0	0	0	0	0	Article scientifique	10.1088/0031-9155/61/11/4247	27191374	1	0	0	1	10.1088/0031-9155/61/11/4247	W2396368358	True	hybrid	2016	0
unige:127674	2016	1	1	0	0	0	0	0	0	0	0	0	0	0	0	0	0	Autre article	10.3389/FNINS.2016.00170	27199634	1	0	0	1	10.3389/FNINS.2016.00170	W2343712834	True	gold	2016	0
unige:111986	2016	1	1	0	0	0	0	0	0	0	0	0	0	0	0	0	0	Article scientifique	10.1007/S00414-016-1370-Z	27221535	1	0	0	1	10.1007/S00414-016-1370-Z	W2408175562	False	closed	2016	0
unige:84842	2016	1	1	1	0	0	0	0	0	0	0	0	0	0	0	0	0	Article scientifique	10.1371/JOURNAL.PONE.0155464	27227332	1	0	0	1	10.1371/JOURNAL.PONE.0155464	W2408036904	True	gold	2016	0
unige:111192	2016	1	1	0	0	0	0	0	0	0	0	0	0	0	0	0	0	Article scientifique	10.1016/J.JFLM.2016.04.013	27239954	1	0	0	1	10.1016/J.JFLM.2016.04.013	W2345731205	False	closed	2016	0
unige:89452	2016	1	0	0	0	0	1	0	0	0	0	0	0	0	0	0	0	Article scientifique	10.3389/FNINS.2016.00216	27242420	1	0	0	1	10.3389/FNINS.2016.00216	W2348267413	True	gold	2016	0
unige:88672	2016	1	1	0	0	0	0	0	0	0	0	0	0	0	0	0	0	Article scientifique		27276723	1	0	0	1		W2548937171	False	closed	2016	0
unige:112233	2016	1	1	0	0	0	0	0	0	0	0	0	0	0	0	0	0	Article scientifique	10.3727/096368916X692023	27302287	1	0	0	1	10.3727/096368916X692023	W2444025549	True	bronze	2016	0
unige:111152	2016	1	1	0	0	0	0	0	0	0	0	0	0	0	0	0	0	Article scientifique	10.3389/FPSYG.2016.00765	27303329	1	0	0	1	10.3389/FPSYG.2016.00765	W2400879687	True	gold	2016	0
unige:86913	2016	1	1	0	0	0	0	0	0	0	0	0	0	0	0	0	0	Article scientifique	10.5966/SCTM.2015-0222	27334488	1	0	0	1	10.5966/SCTM.2015-0222	W2473929048	True	gold	2016	0
unige:88671	2017	1	1	0	0	0	0	0	0	0	0	0	0	0	0	0	0	Article scientifique	10.2174/1567205013666160620115130	27334943	1	0	0	1	10.2174/1567205013666160620115130	W2465531572	False	closed	2017	0
unige:166603	2018	1	1	0	0	0	0	0	0	0	0	0	0	0	0	0	0	Article scientifique	10.1136/MEDETHICS-2015-103337	27343284	1	0	0	1	10.1136/MEDETHICS-2015-103337	W2467825415	False	closed	2016	0
unige:131245	2016	1	0	0	0	1	0	0	0	0	0	0	0	0	0	0	0	Article scientifique	10.1039/C6NP00039H	27346294	1	0	0	1	10.1039/C6NP00039H	W2471907590	False	closed	2016	0
unige:88664	2016	1	1	1	0	0	0	0	0	0	0	0	0	0	0	0	0	Article scientifique	10.1160/TH16-03-0248	27384400	1	0	0	1	10.1160/TH16-03-0248	W2464168014	True	green	2016	0
unige:86216	2016	1	1	0	0	0	0	0	0	0	0	0	0	0	0	0	0	Autre article	10.1007/S00223-016-0172-0	27393055	1	0	0	1	10.1007/S00223-016-0172-0	W2463932998	False	closed	2016	0
unige:172017	2016	1	1	0	0	0	0	0	0	0	0	0	0	0	0	0	0	Article scientifique	10.1111/1556-4029.12991	27404610	1	0	0	1	10.1111/1556-4029.12991	W2271160573	False	closed	2015	0
unige:85503	2016	1	1	0	0	0	0	0	0	0	0	0	0	0	0	0	0	Article scientifique	10.1007/S00415-016-8228-7	27416858	1	0	0	1	10.1007/S00415-016-8228-7	W2467989963	False	closed	2016	0
unige:88591	2016	1	1	1	0	0	0	0	0	0	0	0	0	0	0	0	0	Article scientifique	10.1128/JB.00261-16	27432833	1	0	0	1	10.1128/JB.00261-16	W2476508926	True	bronze	2016	0
unige:92787	2016	1	1	0	0	0	0	0	0	0	0	0	0	0	0	0	0	Article scientifique	10.1016/J.OPHTHA.2016.01.054	27450822	1	0	0	1	10.1016/J.OPHTHA.2016.01.054	W2498092773	False	closed	2016	0
unige:86041	2016	1	1	0	0	0	0	0	0	0	0	0	0	0	0	0	0	Article scientifique	10.1007/S12603-015-0641-6	27499303	1	0	0	1	10.1007/S12603-015-0641-6	W2260852592	True	hybrid	2016	0
unige:96878	2016	1	1	0	0	0	0	0	0	0	0	0	0	0	0	0	0	Article scientifique	10.1684/EPD.2016.0854	27506632	1	0	0	1	10.1684/EPD.2016.0854	W2511632988	False	closed	2016	0
unige:112017	2017	1	1	0	0	0	0	0	0	0	0	0	0	0	0	0	0	Article scientifique	10.1007/S00414-016-1414-4	27507011	1	0	0	1	10.1007/S00414-016-1414-4	W2524852038	False	closed	2016	0
unige:111917	2015	1	1	0	0	0	0	0	0	0	0	0	0	0	0	0	0	Article scientifique		27543958	1	0	0	1	10.5114/AMSIK.2015.61026	W2502239496	True	gold	2015	0
unige:111157	2016	1	1	0	0	0	0	0	0	0	0	0	0	0	0	0	0	Article scientifique	10.1016/J.JFLM.2016.08.001	27570234	1	0	0	1	10.1016/J.JFLM.2016.08.001	W2508109845	False	closed	2016	0
unige:88676	2016	1	1	1	0	0	0	0	0	0	0	0	0	0	0	0	0	Article scientifique	10.1364/OE.24.020382	27607645	1	0	0	1	10.1364/OE.24.020382	W2518218191	True	gold	2016	0
unige:95966	2016	1	1	0	0	0	0	0	0	0	0	0	0	0	0	0	0	Article scientifique	10.1159/000448080	27631992	1	0	0	1	10.1159/000448080	W2519751561	True	bronze	2016	0
unige:175086	2016	1	0	0	1	0	0	0	0	0	0	0	0	0	0	0	0	Article scientifique	10.1095/BIOLREPROD.116.142430	27655786	1	0	0	1	10.1095/BIOLREPROD.116.142430	W2521881086	True	bronze	2016	0
unige:89124	2016	1	1	0	0	0	0	0	0	0	0	0	0	0	0	0	0	Article scientifique	10.1007/S10549-016-3991-9	27671991	1	0	0	1	10.1007/S10549-016-3991-9	W2525254592	True	green	2016	0
unige:95973	2016	1	1	0	0	0	0	0	0	0	0	0	0	0	0	0	0	Article scientifique	10.1016/J.REHAB.2016.07.150	27676973	1	0	0	1	10.1016/J.REHAB.2016.07.150	W2522495372	True	hybrid	2016	0
unige:96808	2016	1	1	0	0	0	0	0	0	0	0	0	0	0	0	0	0	Article scientifique	10.1097/PEC.0000000000000921	27741073	1	0	0	1	10.1097/PEC.0000000000000921	W2529547898	False	closed	2018	0
unige:92786	2017	1	1	0	0	0	0	0	0	0	0	0	0	0	0	0	0	Article scientifique	10.1016/J.SURVOPHTHAL.2016.10.002	27751822	1	0	0	1	10.1016/J.SURVOPHTHAL.2016.10.002	W2534436425	False	closed	2017	0
unige:90033	2016	1	1	0	0	0	0	0	0	0	0	0	0	0	0	0	0	Article scientifique	10.1148/RADIOL.2016150789	27755938	1	0	0	1	10.1148/RADIOL.2016150789	W2537481264	True	green	2016	0
unige:112121	2017	1	1	0	0	0	0	0	0	0	0	0	0	0	0	0	0	Article scientifique	10.1007/S11547-016-0698-2	27766573	1	0	0	1	10.1007/S11547-016-0698-2	W2532889203	False	closed	2016	0
unige:94444	2016	1	1	1	0	0	0	0	0	0	0	0	0	0	0	0	0	Article scientifique	10.1109/TBME.2016.2619665	27775899	1	0	0	1	10.1109/TBME.2016.2619665	W2537775406	True	hybrid	2016	0
unige:75577	2016	1	0	0	0	0	0	1	0	0	0	0	0	0	0	0	0	Article scientifique	10.1597/14-274	27776219	1	0	0	1	10.1597/14-274	W1922591057	False	closed	2016	0
unige:100707	2017	1	1	0	0	0	0	0	0	0	0	0	0	0	0	0	0	Article scientifique	10.1016/J.GAITPOST.2016.10.013	27776271	1	0	0	1	10.1016/J.GAITPOST.2016.10.013	W2533066594	False	closed	2017	0
unige:92780	2016	1	1	0	0	0	0	0	0	0	0	0	0	0	0	0	0	Article scientifique	10.1186/S12886-016-0369-Z	27793120	1	0	0	1	10.1186/S12886-016-0369-Z	W2542354904	True	gold	2016	0
unige:125931	2017	1	1	0	0	0	0	0	0	0	0	0	0	0	0	0	0	Article scientifique	10.1007/S00414-016-1479-0	27796587	1	0	0	1	10.1007/S00414-016-1479-0	W2541739427	False	closed	2016	0
unige:90299	2016	1	1	1	0	0	0	0	0	0	0	0	0	0	0	0	0	Article scientifique		27828128	1	0	0	1	10.1364/AO.55.008500	W2529952451	False	closed	2016	0
unige:98887	2016	1	1	0	0	0	0	0	0	0	0	0	0	0	0	0	0	Article scientifique	10.1111/XEN.12279	27862343	1	0	0	1	10.1111/XEN.12279	W2553355052	False	closed	2016	0
unige:93777	2016	1	1	1	0	0	0	0	0	0	0	0	0	0	0	0	0	Article scientifique	10.1111/LIV.13187	27864873	1	0	0	1	10.1111/LIV.13187	W2549680534	False	closed	2016	0
unige:112023	2017	1	1	0	0	0	0	0	0	0	0	0	0	0	0	0	0	Article scientifique	10.1007/S00414-016-1503-4	27891547	1	0	0	1	10.1007/S00414-016-1503-4	W2556489952	True	hybrid	2016	0
unige:111987	2016	1	1	0	0	0	0	0	0	0	0	0	0	0	0	0	0	Article scientifique	10.1007/S12024-016-9819-4	27896540	1	0	0	1	10.1007/S12024-016-9819-4	W2558283262	False	closed	2016	0
unige:111128	2017	1	1	0	0	0	0	0	0	0	0	0	0	0	0	0	0	Article scientifique	10.1007/S00414-016-1482-5	27900508	1	0	0	1	10.1007/S00414-016-1482-5	W2558735049	True	hybrid	2016	0
unige:100251	2016	1	0	1	0	0	0	0	0	0	0	0	0	0	0	0	0	Article scientifique	10.1371/JOURNAL.PONE.0168170	27973612	1	0	0	1	10.1371/JOURNAL.PONE.0168170	W2565199569	True	gold	2016	0
unige:97325	2016	1	1	0	0	0	0	0	0	0	0	0	0	0	0	0	0	Article scientifique	10.1159/000452740	28076860	1	0	0	1	10.1159/000452740	W2579724188	True	bronze	2016	0
unige:99442	2017	1	1	0	0	0	0	0	0	0	0	0	0	0	0	0	0	Article scientifique	10.1159/000455229	28095387	1	0	0	1	10.1159/000455229	W2577417050	True	bronze	2017	0
unige:91761	2017	1	1	1	0	0	0	0	0	0	0	0	0	0	0	0	0	Article scientifique		28158078	1	0	0	1	10.1364/AO.56.000795	W2573874932	False	closed	2017	0
unige:99472	2016	1	1	0	0	0	0	0	0	0	0	0	0	0	0	0	0	Article scientifique	10.3389/FNINS.2016.00604	28184183	1	0	0	1	10.3389/FNINS.2016.00604	W2582527077	True	gold	2017	0
unige:100056	2017	1	1	0	0	0	0	0	0	0	0	0	0	0	0	0	0	Article scientifique	10.1016/J.EJRAD.2017.01.014	28189202	1	0	0	1	10.1016/J.EJRAD.2017.01.014	W2572081443	False	closed	2017	0
unige:93766	2017	1	1	1	0	0	0	0	0	0	0	0	0	0	0	0	0	Article scientifique	10.1016/J.JHEP.2017.02.031	28284915	1	0	0	1	10.1016/J.JHEP.2017.02.031	W2593789845	True	hybrid	2017	0
unige:93765	2017	1	1	0	0	0	0	0	0	0	0	0	0	0	0	0	0	Article scientifique	10.1530/EJE-16-1079	28289088	1	0	0	1	10.1530/EJE-16-1079	W2595802089	True	bronze	2017	0
unige:99622	2017	1	1	0	0	0	0	1	0	0	0	0	0	0	0	0	0	Article scientifique	10.11607/JOMI.5361	28291859	1	0	0	1	10.11607/JOMI.5361	W2610257159	True	green	2017	0
unige:98393	2017	1	1	1	0	0	0	0	0	0	0	0	0	0	0	0	0	Article scientifique	10.1159/000454918	28297697	1	0	0	1	10.1159/000454918	W2597831579	False	closed	2017	0
unige:111138	2017	1	1	0	0	0	0	0	0	0	0	0	0	0	0	0	0	Article scientifique	10.1007/S00414-017-1575-9	28337600	1	0	0	1	10.1007/S00414-017-1575-9	W2599970660	False	closed	2017	0
unige:94497	2017	1	1	0	0	0	0	0	0	0	0	0	0	0	0	0	0	Article scientifique	10.1186/S12865-017-0200-5	28351341	1	0	0	1	10.1186/S12865-017-0200-5	W2603294768	True	gold	2017	0
unige:94623	2017	1	1	1	0	0	0	0	0	0	0	0	0	0	0	0	0	Article scientifique	10.1177/0961203317700980	28355983	1	0	0	1	10.1177/0961203317700980	W2598899820	True	bronze	2017	0
unige:104899	2017	1	1	1	0	0	1	0	0	0	0	0	0	0	0	0	0	Article scientifique	10.3389/FNHUM.2017.00131	28386224	1	0	0	1	10.3389/FNHUM.2017.00131	W2598045861	True	gold	2017	0
unige:112018	2017	1	1	0	0	0	0	0	0	0	0	0	0	0	0	0	0	Article scientifique	10.1007/S00414-017-1584-8	28439696	1	0	0	1	10.1007/S00414-017-1584-8	W2608774191	False	closed	2017	0
unige:112020	2017	1	1	0	0	0	0	0	0	0	0	0	0	0	0	0	0	Article scientifique	10.1007/S00414-017-1585-7	28444439	1	0	0	1	10.1007/S00414-017-1585-7	W2608329206	False	closed	2017	0
unige:112466	2017	1	1	0	0	0	0	0	0	0	0	0	0	0	0	0	0	Article scientifique	10.1016/J.WNEU.2017.04.131	28461281	1	0	0	1	10.1016/J.WNEU.2017.04.131	W2609477949	False	closed	2017	0
unige:99626	2017	1	0	0	0	0	0	1	0	0	0	0	0	0	0	0	0	Article scientifique	10.2341/15-217-L	28467259	1	0	0	1	10.2341/15-217-L	W2610637114	False	closed	2017	0
unige:99685	2017	1	1	0	0	0	0	0	0	0	0	0	0	0	0	0	0	Article professionnel	10.15265/IY-2017-003	28480470	1	0	0	1	10.15265/IY-2017-003	W2749248370	True	hybrid	2017	0
unige:107565	2017	1	1	0	0	0	0	0	0	0	0	0	0	0	0	0	0	Article scientifique	10.3389/FNINS.2017.00257	28491020	1	0	0	1	10.3389/FNINS.2016.00560	W2560575011	True	gold	2016	0
unige:111372	2018	1	1	0	0	0	0	0	0	0	0	0	0	0	0	0	0	Article scientifique	10.1007/S00414-017-1605-7	28497398	1	0	0	1	10.1007/S00414-017-1605-7	W2612850707	False	closed	2017	0
unige:104897	2017	1	1	0	0	0	0	0	0	0	0	0	0	0	0	0	0	Article scientifique	10.1109/TBME.2016.2598818	28541186	1	0	0	1	10.1109/TBME.2016.2598818	W2515270161	True	green	2017	0
unige:107203	2018	1	0	0	0	0	0	1	0	0	0	0	0	0	0	0	0	Article scientifique	10.1007/S00784-017-2139-6	28577053	1	0	0	1	10.1007/S00784-017-2139-6	W2620799809	False	closed	2017	0
unige:99534	2017	1	0	1	0	0	0	0	0	0	0	0	0	0	0	0	0	Article scientifique	10.3389/FGENE.2017.00061	28588606	1	0	0	1	10.3389/FGENE.2017.00061	W2619048595	True	gold	2017	0
unige:100063	2017	1	1	1	0	0	0	0	0	0	0	0	0	0	0	0	0	Article scientifique	10.3389/FMICB.2017.00953	28611752	1	0	0	1	10.3389/FMICB.2017.00953	W2613105743	True	gold	2017	0
unige:111571	2017	1	1	0	0	0	0	0	0	0	0	0	0	0	0	0	0	Article scientifique	10.1007/S00414-017-1621-7	28616692	1	0	0	1	10.1007/S00414-017-1621-7	W2735463190	False	closed	2017	0
unige:96893	2017	1	1	0	0	0	0	0	0	0	0	0	0	0	0	0	0	Article scientifique	10.1017/ICE.2017.98	28633678	1	0	0	1	10.1017/ICE.2017.98	W2659710449	True	green	2017	0
unige:111127	2017	1	1	0	0	0	0	0	0	0	0	0	0	0	0	0	0	Article scientifique		28641319	1	0	0	1	10.28920/DHM47.2.75-81	W2808146693	True	green	2017	0
unige:97292	2017	1	1	0	0	0	0	0	0	0	0	0	0	0	0	0	0	Article scientifique	10.1097/WNP.0000000000000395	28644203	1	0	0	1	10.1097/WNP.0000000000000395	W2730100501	False	closed	2017	0
unige:107422	2017	1	1	0	0	0	0	0	0	0	0	0	0	0	0	0	0	Article scientifique	10.1038/BMT.2017.147	28737775	1	0	0	1	10.1038/BMT.2017.147	W2738442683	True	bronze	2017	0
unige:111118	2018	1	1	0	0	0	0	0	0	0	0	0	0	0	0	0	0	Article scientifique	10.1007/S00414-017-1652-0	28741057	1	0	0	1	10.1007/S00414-017-1652-0	W2736553964	True	green	2017	0
unige:156988	2018	1	1	0	0	0	0	0	0	0	0	0	0	0	0	0	0	Article scientifique	10.1213/ANE.0000000000002319	28759486	1	0	0	1	10.1213/ANE.0000000000002319	W2741855290	False	closed	2018	0
unige:100206	2017	1	0	1	0	0	0	0	0	0	0	0	0	0	0	0	0	Article scientifique	10.1242/JCS.198978	28760926	1	0	0	1	10.1242/JCS.198978	W2739708971	True	hybrid	2017	0
unige:99050	2017	1	1	0	0	0	0	0	0	0	0	0	0	0	0	0	0	Article scientifique	10.1530/ERC-17-0285	28811298	1	0	0	1	10.1530/ERC-17-0285	W2749577119	True	bronze	2017	0
unige:128646	2018	1	1	0	0	0	0	0	0	0	0	0	0	0	0	0	0	Article scientifique	10.1159/000480152	28881352	1	0	0	1	10.1159/000480152	W2753363989	True	bronze	2017	0
unige:99722	2017	1	1	0	0	0	0	0	0	0	0	0	0	0	0	0	0	Article scientifique	10.1016/J.IMLET.2017.09.007	28919455	1	0	0	1	10.1016/J.IMLET.2017.09.007	W2756130038	True	hybrid	2018	0
unige:107567	2018	1	1	0	0	0	0	0	0	0	0	0	0	0	0	0	0	Article scientifique	10.1159/000479423	28934743	1	0	0	1	10.1159/000479423	W2757769646	False	closed	2017	0
unige:107721	2017	1	1	0	0	0	0	0	0	0	0	0	0	0	0	0	0	Article scientifique	10.1016/J.AJHG.2017.08.017	28965847	1	0	0	1	10.1016/J.AJHG.2017.08.017	W2758541575	True	hybrid	2017	0
unige:101827	2017	1	1	0	0	0	0	0	0	0	0	0	0	0	0	0	0	Article scientifique	10.1093/NDT/GFX220	28992184	1	0	0	1	10.1093/NDT/GFX220	W2744434014	True	bronze	2017	0
unige:97682	2017	1	1	0	0	0	0	0	0	0	0	0	0	0	0	0	0	Article scientifique	10.1088/1361-6579/AA92BF	29019794	1	0	0	1	10.1088/1361-6579/AA92BF	W2760953235	True	green	2017	0
unige:128291	2018	1	1	0	0	0	0	0	0	0	0	0	0	0	0	0	0	Article scientifique	10.1097/INF.0000000000001806	29023356	1	0	0	1	10.1097/INF.0000000000001806	W2763922707	True	green	2018	0
unige:100046	2018	1	1	0	0	0	0	0	0	0	0	0	0	0	0	0	0	Article scientifique	10.5414/NP301041	29035192	1	0	0	1	10.5414/NP301041	W2766395614	True	green	2018	0
unige:110880	2018	1	0	0	0	0	0	1	0	0	0	0	0	0	0	0	0	Article scientifique	10.1093/EJO/CJX072	29040460	1	0	0	1	10.1093/EJO/CJX072	W2761605945	True	bronze	2017	0
unige:107726	2017	1	1	0	0	0	0	0	0	0	0	0	0	0	0	0	0	Article scientifique	10.1093/BRAIN/AWX184	29050392	1	0	0	1	10.1093/BRAIN/AWX184	W2749761816	True	bronze	2017	0
unige:127091	2018	1	1	0	0	0	0	0	0	0	1	0	1	0	0	0	0	Article scientifique	10.1109/TBME.2017.2764111	29053451	1	0	0	1	10.1109/TBME.2017.2764111	W2767006236	False	closed	2018	0
unige:115267	2018	1	1	0	0	0	0	0	0	0	0	0	0	0	0	0	0	Article scientifique	10.1111/XEN.12357	29057510	1	0	0	1	10.1111/XEN.12357	W2790085811	True	green	2017	0
unige:123732	2018	1	1	1	0	0	0	0	0	0	0	0	0	0	0	0	0	Article scientifique	10.1111/DMCN.13595	29064093	1	0	0	1	10.1111/DMCN.13595	W2766827112	True	bronze	2017	0
unige:104812	2017	1	1	0	0	0	0	0	0	0	0	0	0	0	0	0	0	Article professionnel	10.1024/1661-8157/A002844	29088966	1	0	0	1	10.1024/1661-8157/A002844	W2765529264	False	closed	2017	0
unige:101825	2017	1	1	0	0	0	0	0	0	0	0	0	0	0	0	0	0	Article scientifique	10.1097/OPX.0000000000001151	29120976	1	0	0	1	10.1097/OPX.0000000000001151	W2767403437	False	closed	2017	0
unige:128380	2018	1	1	0	0	0	0	0	0	0	0	0	0	0	0	0	0	Article scientifique	10.1097/INF.0000000000001825	29135828	1	0	0	1	10.1097/INF.0000000000001825	W2769349183	False	closed	2018	0
unige:111652	2018	1	1	0	0	0	0	0	0	0	0	0	0	0	0	0	0	Article scientifique	10.1159/000481909	29136620	1	0	0	1	10.1159/000481909	W2769878937	False	closed	2017	0
unige:172016	2018	1	1	0	0	0	0	0	0	0	0	0	0	0	0	0	0	Article scientifique	10.1016/J.LEGALMED.2017.11.002	29179055	1	0	0	1	10.1016/J.LEGALMED.2017.11.002	W2767501139	False	closed	2018	0
unige:143605	2017	1	0	0	0	0	0	1	0	0	0	0	0	0	0	0	0	Article scientifique	10.1186/S40510-017-0194-9	29192356	1	0	0	1	10.1186/S40510-017-0194-9	W2761780533	True	gold	2017	0
unige:108344	2017	1	1	0	0	0	0	0	0	0	0	0	0	0	0	0	0	Article scientifique	10.1159/000481825	29207379	1	0	0	1	10.1159/000481825	W2773597031	True	gold	2017	0
unige:127991	2018	1	1	0	0	0	0	0	0	0	0	0	0	0	0	0	0	Article scientifique	10.1016/J.EJPN.2017.10.010	29208342	1	0	0	1	10.1016/J.EJPN.2017.10.010	W2768127505	True	green	2018	0
unige:101406	2018	1	1	0	0	0	0	0	0	0	0	0	0	0	0	0	0	Article scientifique	10.1097/RLU.0000000000001899	29215405	1	0	0	1	10.1097/RLU.0000000000001899	W2773004492	False	closed	2018	0
unige:101426	2018	1	1	0	0	0	0	0	0	0	0	0	0	0	0	0	0	Article scientifique	10.1530/EC-17-0271	29229628	1	0	0	1	10.1530/EC-17-0271	W2772750893	True	gold	2018	0
unige:106628	2017	1	1	1	0	0	0	0	0	0	0	0	0	0	0	0	0	Article scientifique	10.4414/SMW.2017.14570	29231233	1	0	0	1	10.4414/SMW.2017.14570	W2888439582	True	gold	2017	0
unige:108345	2017	1	1	0	0	0	0	0	0	0	0	0	0	0	0	0	0	Article scientifique	10.1159/000484566	29237159	1	0	0	1	10.1159/000484566	W2773700082	True	gold	2017	0
unige:106963	2017	1	1	0	0	0	0	0	0	0	0	0	0	0	0	0	0	Article scientifique	10.1159/000484946	29237168	1	0	0	1	10.1159/000484946	W2772876138	True	green	2017	0
unige:100746	2017	1	1	1	0	0	0	0	0	0	0	0	0	0	0	0	0	Article scientifique		29240082	1	0	0	1	10.1364/JOSAA.34.002096	W2766671691	False	closed	2017	0
unige:128414	2018	1	1	0	0	0	0	0	0	0	0	0	0	0	1	1	0	Article professionnel	10.1002/CYTO.B.21614	29244250	1	0	0	1	10.1002/CYTO.B.21614	W2775272419	True	bronze	2018	0
unige:158875	2018	1	1	0	0	0	0	0	0	0	0	0	0	0	0	0	0	Article scientifique		29350513	1	0	0	1		W2800043727	False	closed	2018	0
unige:102155	2018	1	1	0	0	0	0	0	0	0	0	0	0	0	0	0	0	Article scientifique	10.1111/CID.12586	29359880	1	0	0	1	10.1111/CID.12586	W2790501167	False	closed	2018	0
unige:111369	2018	1	1	0	0	0	0	0	0	0	0	0	0	0	0	0	0	Article scientifique	10.1007/S00414-017-1750-Z	29362873	1	0	0	1	10.1007/S00414-017-1750-Z	W2785225522	False	closed	2018	0
unige:107995	2017	1	1	0	0	0	0	0	0	0	0	0	0	0	0	0	0	Article scientifique	10.4321/S1575-06202017000300005	29364335	1	0	0	1	10.4321/S1575-06202017000300005	W2772042404	True	green	2017	0
unige:102598	2018	1	1	0	0	0	0	0	0	0	0	0	0	0	0	0	0	Article scientifique	10.1371/JOURNAL.PONE.0188695	29364894	1	0	0	1	10.1371/JOURNAL.PONE.0188695	W2791607745	True	gold	2018	0
unige:110945	2018	1	1	0	0	0	0	0	0	0	0	0	0	0	0	0	0	Article scientifique	10.1097/SAP.0000000000001312	29389700	1	0	0	1	10.1097/SAP.0000000000001312	W2789407703	False	closed	2018	0
unige:102007	2018	1	1	1	0	0	0	0	0	0	0	0	0	0	0	0	0	Article scientifique	10.1364/OE.26.000744	29401955	1	0	0	1	10.1364/OE.26.000744	W2783947420	True	gold	2018	0
unige:112495	2017	1	1	0	0	0	0	0	0	0	0	0	0	0	0	0	0	Article scientifique	10.1155/2017/4627384	29410970	1	0	0	1	10.1155/2017/4627384	W2777395816	True	gold	2017	0
unige:111570	2018	1	1	0	0	0	0	0	0	0	0	0	0	0	0	0	0	Article scientifique	10.1097/PAF.0000000000000372	29438137	1	0	0	1	10.1097/PAF.0000000000000372	W2792004237	False	closed	2018	0
unige:125933	2018	1	1	0	0	0	0	0	0	0	0	0	0	0	0	0	0	Article scientifique	10.1007/S00414-018-1791-Y	29468380	1	0	0	1	10.1007/S00414-018-1791-Y	W2790209906	False	closed	2018	0
unige:116070	2018	1	1	0	0	0	0	0	0	0	0	0	0	0	0	0	0	Article scientifique	10.1016/S1474-4422(18)30086-3	29500155	1	0	0	1	10.1016/S1474-4422(18)30086-3	W2787900738	False	closed	2018	0
unige:115845	2018	1	1	0	0	0	0	0	0	0	0	0	0	0	0	0	0	Article scientifique	10.5482/HAMO-17-07-0023	29536476	1	0	0	1	10.5482/HAMO-17-07-0023	W2783085390	True	bronze	2018	0
unige:111631	2018	1	1	0	0	0	0	0	0	0	0	0	0	0	0	0	0	Article scientifique	10.1007/S00414-018-1813-9	29556718	1	0	0	1	10.1007/S00414-018-1813-9	W2791460189	False	closed	2018	0
unige:105050	2018	1	0	1	0	0	0	0	0	0	0	0	0	0	0	0	0	Article scientifique	10.5603/FM.A2018.0033	29611162	1	0	0	1	10.5603/FM.A2018.0033	W2796023552	True	gold	2015	0
unige:115767	2018	1	1	0	0	0	0	0	0	0	0	0	0	0	0	0	0	Article scientifique	10.1097/NMD.0000000000000805	29652769	1	0	0	1	10.1097/NMD.0000000000000805	W2797667878	False	closed	2018	0
unige:138358	2018	1	1	0	0	0	0	0	0	0	0	0	0	0	0	0	0	Article scientifique	10.1186/S12886-018-0768-4	29669523	1	0	0	1	10.1186/S12886-018-0768-4	W2804003011	True	gold	2018	0
unige:106807	2018	1	1	0	0	0	0	0	0	0	0	0	0	0	0	0	0	Article scientifique	10.1093/RHEUMATOLOGY/KEY095	29672737	1	0	0	1	10.1093/RHEUMATOLOGY/KEY095	W2801010100	True	bronze	2018	0
unige:104809	2018	1	1	0	0	0	0	0	0	0	0	0	0	0	0	0	0	Article scientifique	10.1186/S12916-018-1043-5	29673342	1	0	0	1	10.1186/S12916-018-1043-5	W2800009268	True	gold	2018	0
unige:107568	2018	1	1	0	0	0	0	0	0	0	0	0	0	0	0	0	0	Article scientifique	10.1136/BMJOPEN-2018-022157	29691250	1	0	0	1	10.1136/BMJOPEN-2018-022157	W2800072820	True	gold	2018	0
unige:111126	2018	1	1	0	0	0	0	0	0	0	0	0	0	0	0	0	0	Article scientifique	10.1148/RADIOL.2018170559	29714682	1	0	0	1	10.1148/RADIOL.2018170559	W2799532998	True	hybrid	2018	0
unige:104791	2018	1	1	1	0	0	0	0	0	0	0	0	0	0	0	0	0	Article scientifique		29714764	1	0	0	1	10.1364/OL.43.002134	W2799822763	True	green	2018	0
unige:144388	2018	1	1	1	0	0	0	0	0	0	0	0	0	0	0	0	0	Article scientifique	10.1039/C8CC02412J	29717727	1	0	0	1	10.1039/C8CC02412J	W2799331830	False	closed	2018	0
unige:107450	2018	1	1	0	0	0	0	0	0	0	0	0	0	0	0	0	0	Article scientifique	10.1371/JOURNAL.PONE.0195383	29723237	1	0	0	1	10.1371/JOURNAL.PONE.0195383	W2802159290	True	gold	2018	0
unige:104797	2018	1	1	0	0	0	0	0	0	0	0	0	0	0	0	0	0	Article scientifique	10.1097/TP.0000000000002217	29781950	1	0	0	1	10.1097/TP.0000000000002217	W2803937723	True	green	2018	0
unige:127092	2018	1	1	0	0	0	0	0	0	0	0	0	0	0	1	1	0	Article scientifique	10.1088/1361-6560/AACA1D	29864021	1	0	0	1	10.1088/1361-6560/AACA1D	W2805935599	True	green	2018	0
unige:124213	2018	1	1	1	0	0	0	0	0	0	0	0	0	0	0	0	0	Article scientifique	10.1136/GUTJNL-2018-316578	29871969	1	0	0	1	10.1136/GUTJNL-2018-316578	W2805039278	True	green	2018	0
unige:106609	2018	1	1	1	0	0	0	0	0	0	0	0	0	0	0	0	0	Article scientifique		29877332	1	0	0	1	10.1364/JOSAA.35.000895	W2800127608	False	closed	2018	0
unige:109600	2018	1	0	1	0	0	0	0	0	0	0	0	0	0	0	0	0	Article scientifique	10.1159/000489692	29886504	1	0	0	1	10.1159/000489692	W2806800077	True	green	2018	0
unige:111370	2018	1	1	0	0	0	0	0	0	0	0	0	0	0	0	0	0	Article scientifique	10.1016/J.FORSCIINT.2018.05.051	29908517	1	0	0	1	10.1016/J.FORSCIINT.2018.05.051	W2807644080	True	green	2018	0
unige:175785	2018	1	1	0	0	0	0	0	0	0	0	0	0	0	0	0	0	Article scientifique	10.1016/J.ORALONCOLOGY.2018.05.013	29909889	1	0	0	1	10.1016/J.ORALONCOLOGY.2018.05.013	W2806824117	False	closed	2018	0
unige:108500	2018	1	1	0	0	0	0	0	0	0	0	0	0	0	0	0	0	Article scientifique	10.3233/JAD-180203	29966199	1	0	0	1	10.3233/JAD-180203	W2810324719	False	closed	2018	0
unige:107448	2018	1	1	0	0	0	0	0	0	0	0	0	0	0	0	0	0	Article scientifique	10.1109/TMI.2018.2789499	29969408	1	0	0	1	10.1109/TMI.2018.2789499	W2793842820	False	closed	2018	0
unige:108901	2018	1	1	0	0	0	0	0	0	0	0	0	0	0	0	0	0	Article scientifique	10.15171/IJHPM.2018.15	30078295	1	0	0	1	10.15171/IJHPM.2018.15	W2790580998	True	gold	2018	0
unige:111249	2018	1	0	0	0	0	0	1	0	0	0	0	0	0	0	0	0	Article scientifique	10.1007/S12603-018-1029-1	30080228	1	0	0	1	10.1007/S12603-018-1029-1	W2797468790	True	green	2018	0
unige:112563	2019	1	1	0	0	0	0	0	0	0	0	0	0	0	0	0	0	Article scientifique	10.1038/S41436-018-0060-2	30093711	1	0	0	1	10.1038/S41436-018-0060-2	W2885823448	True	hybrid	2019	0
unige:143994	2019	1	1	0	0	0	0	0	0	0	0	0	0	0	0	0	0	Article scientifique	10.1002/ACR.23735	30144308	1	0	0	1	10.1002/ACR.23735	W2888733154	True	green	2019	0
unige:109371	2018	1	1	1	0	0	0	0	0	0	0	0	0	0	0	0	0	Article scientifique	10.1002/HEP.30235	30153337	1	0	0	1	10.1002/HEP.30235	W2889251157	True	green	2019	0
unige:123760	2019	1	1	0	0	0	0	0	0	0	0	0	0	0	0	0	0	Article scientifique	10.1007/S00414-018-1929-Y	30187123	1	0	0	1	10.1007/S00414-018-1929-Y	W2892296460	False	closed	2018	0
unige:109048	2018	1	1	0	0	0	0	0	0	0	0	0	0	0	0	0	0	Article scientifique	10.1109/TMI.2018.2863944	30188815	1	0	0	1	10.1109/TMI.2018.2863944	W2892331374	True	bronze	2019	0
unige:113718	2018	1	0	1	0	0	0	0	0	0	0	0	0	0	0	0	0	Article scientifique	10.1021/ACS.JPROTEOME.8B00537	30191714	1	0	0	1	10.1021/ACS.JPROTEOME.8B00537	W2890301436	False	closed	2018	0
unige:108899	2018	1	1	0	0	0	0	0	0	0	0	0	0	0	0	0	0	Article scientifique	10.1371/JOURNAL.PONE.0203960	30235229	1	0	0	1	10.1371/JOURNAL.PONE.0203960	W2890918884	True	gold	2018	0
unige:143811	2018	1	1	0	0	0	0	0	0	0	0	0	0	0	1	1	0	Article scientifique	10.1093/VE/VEY024	30250751	1	0	0	1	10.1093/VE/VEY024	W2892192637	True	gold	2018	0
unige:124218	2018	1	0	0	0	0	0	1	0	0	0	0	0	0	0	0	0	Article scientifique		30264050	1	0	0	1	10.5167/UZH-159470	W2936298985	False	closed	2018	0
unige:119389	2018	1	1	0	0	0	0	0	0	0	0	0	0	0	0	0	0	Article scientifique	10.1111/CID.12682	30307130	1	0	0	1	10.1111/CID.12682	W2896779933	False	closed	2018	0
unige:115802	2018	1	1	0	0	0	0	0	0	0	0	0	0	0	0	0	0	Article scientifique	10.1172/JCI124305	30320602	1	0	0	1	10.1172/JCI124305	W2897994086	True	bronze	2018	0
unige:116917	2019	1	1	0	0	0	0	0	0	0	0	0	0	0	0	0	0	Article scientifique	10.1017/S1368980018002355	30333073	1	0	0	1	10.1017/S1368980018002355	W2896257437	True	bronze	2018	0
unige:118118	2018	1	1	0	0	0	0	0	0	0	1	0	0	1	0	0	0	Article scientifique	10.1186/S13075-018-1733-6	30359309	1	0	0	1	10.1186/S13075-018-1733-6	W2898177671	True	gold	2018	0
unige:115227	2019	1	1	0	0	0	0	1	0	0	0	0	0	0	0	0	0	Article scientifique	10.1097/ID.0000000000000832	30363048	1	0	0	1	10.1097/ID.0000000000000832	W2898452389	True	bronze	2019	0
unige:113051	2018	1	0	1	0	0	0	0	0	0	0	0	0	0	0	0	0	Article scientifique	10.21614/CHIRURGIA.113.5.719	30383999	1	0	0	1	10.21614/CHIRURGIA.113.5.719	W2898874271	True	gold	2018	0
unige:134602	2019	1	1	0	0	0	0	0	0	0	0	0	0	0	1	1	0	Article scientifique	10.1109/TBME.2018.2885233	30530308	1	0	0	1	10.1109/TBME.2018.2885233	W2903792601	False	closed	2019	0
unige:132378	2019	1	1	0	0	0	0	0	0	0	0	0	0	0	0	0	0	Article scientifique	10.1111/XEN.12499	30775817	1	0	0	1	10.1111/XEN.12499	W2917015125	False	closed	2019	0
unige:136089	2019	1	1	0	0	0	0	0	0	0	0	0	0	0	0	0	0	Article scientifique	10.1002/14651858.CD012704.PUB2	30784058	1	0	0	1	10.1002/14651858.CD012704.PUB2	W2726429048	True	green	2019	0
unige:115746	2019	1	1	0	0	0	0	0	0	0	0	0	0	0	0	0	0	Article scientifique	10.2533/CHIMIA.2019.69	30814002	1	0	0	1	10.2533/CHIMIA.2019.69	W2919122968	True	gold	2019	0
unige:112574	2019	1	1	0	0	0	0	0	0	0	0	0	0	0	0	0	0	Article scientifique	10.1002/ACN3.708	30847371	1	0	0	1	10.1002/ACN3.708	W2905663987	True	gold	2018	0
unige:127697	2019	1	1	1	0	0	0	0	0	0	0	0	0	0	0	0	0	Article scientifique	10.1016/J.IMMUNI.2019.02.011	30893589	1	0	0	1	10.1016/J.IMMUNI.2018.04.005	W2803157584	True	hybrid	2018	0
unige:137382	2019	1	1	0	0	0	0	0	0	0	0	0	0	0	0	0	0	Article scientifique	10.1371/JOURNAL.PONE.0214232	30946750	1	0	0	1	10.1371/JOURNAL.PONE.0214232	W2933723414	True	gold	2019	0
unige:132968	2019	1	1	0	0	0	0	0	0	0	1	0	0	1	0	0	0	Article scientifique	10.3389/FIMMU.2019.00556	30972058	1	0	0	1	10.3389/FIMMU.2019.00556	W2924095386	True	gold	2019	0
unige:132685	2019	1	1	0	0	0	0	0	0	0	0	0	0	0	0	0	0	Article scientifique	10.1111/TRF.15229	31050825	1	0	0	1	10.1111/TRF.15229	W2943119971	False	closed	2019	0
unige:129907	2019	1	0	1	0	0	0	0	0	0	0	0	0	0	0	0	0	Article scientifique	10.1109/TBME.2019.2913928	31071012	1	0	0	1	10.1109/TBME.2019.2913928	W2944781452	True	hybrid	2019	0
unige:136505	2019	1	1	0	0	0	0	0	0	0	1	0	1	0	0	0	0	Article scientifique	10.1136/JNNP-2018-318957	31072955	1	0	0	1	10.1136/JNNP-2018-318957	W2944658684	False	closed	2019	0
unige:122805	2019	1	0	1	0	0	0	0	0	0	0	0	0	0	0	0	0	Article scientifique	10.1007/S00428-019-02582-0	31127385	1	0	0	1	10.1007/S00428-019-02582-0	W2946529238	True	green	2019	0
unige:119621	2019	1	1	1	0	0	0	0	0	0	0	0	0	0	0	0	0	Article scientifique	10.1364/AO.58.004143	31158171	1	0	0	1	10.1364/AO.58.004143	W2945968409	False	closed	2019	0
unige:119650	2019	1	0	1	0	0	0	0	0	0	0	0	0	0	0	0	0	Article scientifique	10.1371/JOURNAL.PONE.0208371	31181066	1	0	0	1	10.1371/JOURNAL.PONE.0208371	W2950337636	True	gold	2019	0
unige:146024	2019	1	1	0	0	0	0	0	0	0	0	0	0	0	0	0	0	Article scientifique	10.1055/S-0039-1688410	31226716	1	0	0	1	10.1055/S-0039-1688410	W2951046824	False	closed	2019	0
unige:132610	2019	1	1	0	0	0	0	0	0	0	0	0	0	0	0	0	0	Article scientifique	10.1097/OPX.0000000000001394	31274738	1	0	0	1	10.1097/OPX.0000000000001394	W2962289904	False	closed	2019	0
unige:126341	2020	1	1	1	0	0	0	0	0	0	0	0	0	0	1	1	0	Article scientifique	10.1016/J.JID.2019.05.026	31276679	1	0	0	1	10.1016/J.JID.2019.05.026	W2954470620	True	bronze	2020	0
unige:122779	2019	1	0	1	0	0	0	0	0	0	0	0	0	0	0	0	0	Article scientifique	10.5414/NP301200	31296285	1	0	0	1	10.5414/NP301200	W2957739427	True	green	2019	0
unige:145481	2019	1	1	0	0	0	0	0	0	0	0	0	0	0	0	0	0	Article scientifique	10.1111/JCE.14064	31310403	1	0	0	1	10.1111/JCE.14064	W2961541696	True	hybrid	2019	0
unige:122906	2019	1	0	1	0	0	0	0	0	0	0	0	0	0	0	0	0	Article scientifique	10.3389/FMED.2019.00156	31334238	1	0	0	1	10.3389/FMED.2019.00156	W2954177613	True	gold	2019	0
unige:138715	2019	1	1	0	0	0	0	0	0	0	1	0	1	0	1	1	0	Article scientifique	10.1162/NETN_A_00084	31410381	1	0	0	1	10.1162/NETN_A_00084	W2904291726	True	gold	2019	0
unige:146001	2019	1	1	0	0	0	0	0	0	0	0	0	0	0	0	0	0	Article scientifique	10.1016/J.REHAB.2019.07.003	31421273	1	0	0	1	10.1016/J.REHAB.2019.07.003	W2967714988	True	hybrid	2020	0
unige:135702	2019	1	1	0	0	0	0	0	1	0	0	0	0	0	0	0	0	Article scientifique	10.4300/JGME-D-18-00849	31428272	1	0	0	1	10.4300/JGME-D-18-00849	W2967932349	True	bronze	2019	0
unige:138512	2019	1	1	0	0	0	0	0	0	0	0	0	0	0	0	0	0	Article scientifique	10.1016/J.NEUROBIOLAGING.2019.06.005	31437718	1	0	0	1	10.1016/J.NEUROBIOLAGING.2019.06.005	W2952873743	False	closed	2019	0
unige:145575	2020	1	1	1	0	0	0	0	0	0	0	0	0	0	0	0	0	Article scientifique	10.18176/JIACI.0436	31530507	1	0	0	1	10.18176/JIACI.0436	W2974885958	True	gold	2020	0
unige:126927	2019	1	1	0	0	0	0	0	0	0	0	0	0	0	0	0	0	Article scientifique	10.1088/1361-6560/AB44F8	31530759	1	0	0	1	10.1088/1361-6560/AB44F8	W2974455229	True	hybrid	2019	0
unige:156917	2020	1	1	0	0	0	0	0	0	0	1	0	0	1	0	0	0	Article scientifique	10.1109/TMI.2019.2942765	31545714	1	0	0	1	10.1109/TMI.2019.2942765	W2977037476	False	closed	2020	0
unige:148414	2019	1	0	1	0	0	0	0	0	0	0	0	0	0	0	0	0	Article scientifique	10.53738/REVMED.2019.15.666.1836	31599531	1	0	0	1		W3123537889	False	closed	2019	0
unige:125800	2019	1	1	1	0	0	0	0	0	0	0	0	0	0	0	0	0	Article scientifique	10.1111/LIV.14244	31680451	1	0	0	1	10.1111/LIV.14244	W2984346097	True	bronze	2019	0
unige:139852	2019	1	1	0	0	0	0	0	0	0	0	0	0	0	0	0	0	Article scientifique	10.1186/S12882-019-1623-4	31752784	1	0	0	1	10.1186/S12882-019-1623-4	W2990728461	True	gold	2019	0
unige:151784	2019	1	1	1	0	0	0	0	0	0	1	0	1	0	1	1	0	Article scientifique	10.1038/S42003-019-0667-0	31754647	1	0	0	1	10.1038/S42003-019-0667-0	W2984680396	True	gold	2019	0
unige:132570	2019	1	1	0	0	0	0	0	0	0	0	0	0	0	1	1	0	Article scientifique	10.1182/BLOODADVANCES.2018030478	31765481	1	0	0	1	10.1182/BLOODADVANCES.2018030478	W2989616438	True	gold	2019	0
unige:130034	2020	1	1	1	0	0	0	0	0	0	0	0	0	0	0	0	0	Article scientifique	10.1111/LIV.14282	31808281	1	0	0	1	10.1111/LIV.14282	W2984008258	True	bronze	2019	0
unige:133150	2019	1	0	0	0	1	0	0	0	0	0	0	0	0	0	0	0	Article scientifique	10.1051/MEDSCI/2019215	31903929	1	0	0	1	10.1051/MEDSCI/2019215	W3013588199	True	hybrid	2019	0
unige:129851	2019	1	0	1	0	0	0	0	0	0	0	0	0	0	1	1	1	Article scientifique	10.1109/EMBC.2019.8856890	31947316	1	0	0	1	10.1109/EMBC.2019.8856890	W2979594495	True	green	2019	0
unige:133144	2020	1	1	0	0	0	0	0	0	0	0	0	0	0	0	0	0	Article scientifique	10.1002/MP.14081	32040865	1	0	0	1	10.1002/MP.14081	W3006209959	True	green	2020	0
unige:161833	2020	1	1	0	0	0	0	0	0	0	1	1	0	0	0	0	0	Article scientifique	10.1164/RCCM.201911-2226LE	32069065	1	0	0	1	10.1164/RCCM.201911-2226LE	W3006852354	True	hybrid	2020	0
unige:152666	2020	1	1	0	0	0	0	0	0	0	0	0	0	0	0	0	0	Article scientifique		32073766	1	0	0	1		W3030194470	False	closed	2020	0
unige:132878	2020	1	1	1	0	0	0	0	0	0	0	0	0	0	0	0	0	Article scientifique	10.1111/LIV.14362	32077608	1	0	0	1	10.1111/LIV.14362	W3008923960	True	hybrid	2020	0
unige:156601	2020	1	1	0	0	0	0	0	0	0	0	0	0	0	0	0	0	Article scientifique	10.1016/J.REHAB.2020.01.005	32087307	1	0	0	1	10.1016/J.REHAB.2020.01.005	W3007333598	True	green	2020	0
unige:151681	2020	1	1	0	0	0	0	0	0	0	0	0	0	0	0	0	0	Article scientifique	10.1007/S00259-020-04742-W	32130450	1	0	0	1	10.1007/S00259-020-04742-W	W3010053391	True	bronze	2020	0
unige:142379	2020	1	1	0	0	0	0	0	0	0	0	0	0	0	0	0	0	Article scientifique	10.1001/JAMAOPHTHALMOL.2019.0934	32163122	1	0	0	1	10.1001/JAMAOPHTHALMOL.2019.0934	W3012308228	False	closed	2020	0
unige:150530	2020	1	1	0	0	0	0	0	0	0	0	0	0	0	0	0	0	Article scientifique	10.4414/SMW.2020.20225	32191813	1	0	0	1	10.4414/SMW.2020.20225	W3012088940	True	gold	2020	0
unige:136005	2020	1	1	0	0	0	0	0	0	0	1	0	1	0	1	1	0	Article scientifique	10.1038/S41598-020-62480-3	32245990	1	0	0	1	10.1038/S41598-020-62480-3	W3014263426	True	gold	2020	0
unige:164600	2019	1	1	0	0	0	0	0	0	0	1	1	0	0	1	1	0	Article scientifique	10.1039/C8TB01491D	32255098	1	0	0	1	10.1039/C8TB01491D	W2901852509	True	green	2019	0
unige:177066	2020	1	0	0	1	0	0	0	0	0	0	0	0	0	0	0	0	Article scientifique	10.4414/SMW.2020.20248	32297958	1	0	0	1	10.4414/SMW.2020.20248	W3017183152	True	gold	2020	0
unige:148292	2020	1	1	1	0	0	0	0	0	0	0	0	0	0	0	0	0	Article scientifique	10.4414/SMW.2020.20249	32298458	1	0	0	1	10.4414/SMW.2020.20249	W3016880822	True	gold	2020	0
unige:163231	2020	1	1	0	0	0	0	0	0	0	0	0	0	0	0	0	0	Article scientifique	10.1161/CIRCULATIONAHA.120.047523	32315205	1	0	0	1	10.1161/CIRCULATIONAHA.120.047523	W3016876283	True	bronze	2020	0
unige:139869	2020	1	1	1	0	0	0	0	0	0	1	0	1	0	0	0	0	Article scientifique	10.1093/RHEUMATOLOGY/KEAA167	32375176	1	0	0	1	10.1093/RHEUMATOLOGY/KEAA167	W3021017437	True	green	2020	0
unige:163234	2020	1	1	0	0	0	0	0	0	0	0	0	0	0	0	0	0	Article scientifique	10.1093/EURHEARTJ/EHAA381	32405641	1	0	0	1	10.1093/EURHEARTJ/EHAA381	W3024188695	True	bronze	2020	0
unige:165009	2020	1	0	0	1	0	0	0	0	0	0	0	0	0	0	0	0	Article scientifique	10.1016/J.DEVCEL.2020.04.015	32428455	1	0	0	1	10.1016/J.DEVCEL.2020.04.015	W3025167781	True	hybrid	2020	0
unige:139154	2020	1	0	0	0	0	0	1	0	0	0	0	0	0	0	0	0	Article scientifique	10.3290/J.QI.A44631	32500864	1	0	0	1	10.3290/J.QI.A44631	W3033406241	False	closed	2020	0
unige:140115	2020	1	1	0	0	0	0	0	0	0	1	0	1	0	0	0	0	Article scientifique	10.1088/1741-2552/AB9ADA	32516757	1	0	0	1	10.1088/1741-2552/AB9ADA	W3032944666	True	hybrid	2020	0
unige:153047	2020	1	1	0	0	0	0	0	0	0	1	1	0	0	0	0	0	Article scientifique	10.3201/EID2607.190631	32568044	1	0	0	1	10.3201/EID2607.190631	W3033833316	True	gold	2020	0
unige:138350	2020	1	0	1	0	0	0	0	0	0	0	0	0	0	0	0	0	Article scientifique	10.2147/JPR.S251782	32581570	1	0	0	1	10.2147/JPR.S251782	W3031326517	True	gold	2020	0
unige:146962	2020	1	1	0	0	0	0	0	0	0	0	0	0	0	0	0	0	Article scientifique	10.3201/EID2610.202403	32603290	1	0	0	1	10.3201/EID2610.202403	W3040490521	True	gold	2020	0
unige:143427	2020	1	1	0	0	0	0	0	0	0	0	0	0	0	0	0	0	Article scientifique	10.1002/JLB.5MA0620-039R	32620047	1	0	0	1	10.1002/JLB.5MA0620-039R	W3040453954	False	closed	2020	0
unige:139157	2020	1	0	1	0	0	0	0	0	0	1	0	1	0	1	1	0	Article scientifique	10.1016/J.NEUROIMAGE.2020.117162	32659353	1	0	0	1	10.1016/J.NEUROIMAGE.2020.117162	W3041947241	True	gold	2020	0
unige:151821	2020	1	0	1	0	0	0	0	0	0	0	0	0	0	1	1	0	Article scientifique	10.1371/JOURNAL.PPAT.1008672	32706832	1	0	0	1	10.1371/JOURNAL.PPAT.1008672	W3045190766	True	gold	2020	0
unige:146846	2020	1	1	0	0	0	0	0	0	0	0	0	0	0	0	0	0	Article scientifique	10.1109/TMI.2020.3018439	32822294	1	0	0	1	10.1109/TMI.2020.3018439	W3080265521	False	closed	2020	0
unige:157597	2020	1	1	0	0	0	0	0	0	0	0	0	0	0	0	0	0	Article scientifique	10.1097/WNP.0000000000000657	32890065	1	0	0	1	10.1097/WNP.0000000000000657	W3083377472	False	closed	2019	0
unige:149360	2021	1	1	0	0	0	0	0	0	0	1	1	0	0	0	0	0	Article scientifique	10.1093/NEUROS/NYAA401	33017031	1	0	0	1	10.1093/NEUROS/NYAA401	W3091607483	False	closed	2020	0
unige:164696	2021	1	1	0	0	0	0	0	0	0	0	0	0	0	0	0	0	Article scientifique	10.1111/ECI.13422	33026103	1	0	0	1	10.1111/ECI.13422	W3092175946	False	closed	2021	0
unige:145006	2020	1	1	0	0	0	0	0	0	0	0	0	0	0	0	0	0	Article scientifique	10.1177/2192568220960452	33063537	1	0	0	1	10.1177/2192568220960452	W3092904801	True	gold	2020	0
unige:151412	2020	1	1	0	0	0	0	0	0	0	1	1	0	0	0	0	0	Article scientifique	10.3201/EID2611.191766	33079032	1	0	0	1	10.3201/EID2611.191766	W3090214313	True	gold	2020	0
unige:157610	2021	1	1	0	0	0	0	0	0	0	0	0	0	0	0	0	0	Article scientifique	10.1038/S41436-020-00988-9	33144681	1	0	0	1	10.1038/S41436-020-00988-9	W3095492156	True	hybrid	2021	0
unige:147408	2021	1	1	1	0	0	0	0	0	0	0	0	0	0	0	0	0	Article scientifique	10.1186/S13223-020-00505-2	33407743	1	0	0	1	10.1186/S13223-020-00505-2	W3119480710	True	gold	2021	0
unige:156904	2020	1	1	0	0	0	0	0	0	0	0	0	0	0	0	0	0	Article scientifique	10.1162/NETN_A_00166	33409438	1	0	0	1	10.1162/NETN_A_00166	W3080243510	True	gold	2020	0
unige:149787	2021	1	0	0	0	1	0	0	0	0	0	0	0	0	0	0	0	Article scientifique	10.1039/D0AN01963A	33410843	1	0	0	1	10.1039/D0AN01963A	W3112721612	True	hybrid	2021	0
unige:156922	2021	1	1	0	0	0	0	0	0	0	0	0	0	0	0	0	0	Article scientifique	10.3201/EID2702.203770	33496646	1	0	0	1	10.3201/EID2702.203770	W3124951804	True	gold	2021	0
unige:165130	2021	1	1	0	0	0	0	0	0	0	0	0	0	0	0	0	0	Article scientifique	10.1093/EURHEARTJ/EHAA833	33521827	1	0	0	1	10.1093/EURHEARTJ/EHAA833	W3098292482	True	bronze	2020	0
unige:154674	2021	1	0	0	0	0	0	1	0	0	0	0	0	0	0	0	0	Article scientifique	10.11607/IJP.7070	33571326	1	0	0	1	10.11607/IJP.7070	W3128808321	True	bronze	2021	0
unige:150467	2021	1	1	1	0	0	0	0	0	0	0	0	0	0	0	0	0	Article scientifique	10.53738/REVMED.2021.17.725.0320	33586379	1	0	0	1		W3129502942	False	closed	2021	0
unige:153929	2021	1	0	0	0	0	0	1	0	0	0	0	0	0	0	0	0	Article scientifique	10.11607/IJP.7055	33625384	1	0	0	1	10.11607/IJP.7055	W3130131600	True	green	2021	0
unige:154671	2021	1	0	0	0	0	0	1	0	0	0	0	0	0	0	0	0	Article scientifique	10.11607/IJP.6700	33651029	1	0	0	1	10.11607/IJP.6700	W3133514951	True	green	2021	0
unige:158021	2021	1	1	0	0	0	0	0	0	0	0	0	0	0	0	0	0	Article scientifique	10.1007/S00701-021-04800-8	33730204	1	0	0	1	10.1007/S00701-021-04800-8	W3137144205	True	bronze	2021	0
unige:152341	2021	1	1	1	0	0	0	0	0	0	0	0	0	0	0	0	0	Article scientifique	10.1002/HEP4.1669	33860120	1	0	0	1	10.1002/HEP4.1669	W3118699994	True	gold	2021	0
unige:154661	2021	1	0	0	0	0	0	1	0	0	0	0	0	0	0	0	0	Article scientifique	10.11607/IJP.7248	33871489	1	0	0	1	10.11607/IJP.7248	W3155021309	True	green	2022	0
unige:155763	2021	1	1	0	0	0	0	0	1	0	0	0	0	0	0	0	0	Article scientifique	10.53738/REVMED.2021.17.739.0999	34009760	1	0	0	1		W3160676312	False	closed	2021	0
unige:169691	2021	1	1	0	0	0	0	0	0	0	1	0	1	0	0	0	0	Article scientifique	10.1111/ALL.14951	34022062	1	0	0	1	10.1111/ALL.14951	W3139332531	True	green	2021	0
unige:169282	2021	1	1	0	0	0	0	0	0	0	1	1	0	0	0	0	0	Article scientifique	10.1302/1863-2548.15.200203	34040654	1	0	0	1	10.1302/1863-2548.15.200203	W3135214279	True	gold	2021	0
unige:167396	2021	1	1	0	0	0	0	0	0	0	0	0	0	0	0	0	0	Article scientifique	10.1007/S00198-021-06018-X	34061236	1	0	0	1	10.1007/S00198-021-06018-X	W3164235236	False	closed	2021	0
unige:158799	2021	1	1	0	0	0	0	0	0	0	1	1	0	0	1	0	1	Article scientifique	10.1093/BRAIN/AWAB219	34114611	1	0	0	1	10.1093/BRAIN/AWAB219	W3170966379	True	bronze	2021	0
unige:161009	2021	1	1	0	0	0	0	0	0	0	0	0	0	0	0	0	0	Article scientifique	10.1093/EURHEARTJ/EHAB353	34125191	1	0	0	1	10.1093/EURHEARTJ/EHAB353	W3171725016	True	bronze	2021	0
unige:161089	2021	1	1	0	0	0	0	0	0	0	0	0	0	0	0	0	0	Article scientifique	10.1093/EURHEARTJ/EHAB390	34279602	1	0	0	1	10.1093/EURHEARTJ/EHAB390	W3187023231	True	bronze	2021	0
unige:163180	2021	1	1	0	0	0	0	0	0	0	1	1	0	0	0	0	0	Article scientifique	10.1111/TID.13698	34323343	1	0	0	1	10.1111/TID.13698	W3183753795	True	green	2021	0
unige:154206	2021	1	1	0	0	0	0	1	0	0	0	0	0	0	0	0	0	Article scientifique	10.1016/J.CLNU.2021.06.022	34358835	1	0	0	1	10.1016/J.CLNU.2021.06.022	W3173205544	True	hybrid	2021	0
unige:155364	2021	1	1	0	0	0	0	0	0	0	0	0	0	0	0	0	0	Article scientifique	10.1109/TNSRE.2021.3105271	34398757	1	0	0	1	10.1109/TNSRE.2021.3105271	W3193532582	True	gold	2021	0
unige:155141	2021	1	1	0	0	0	0	0	0	0	1	0	1	0	0	0	0	Article scientifique	10.1016/J.RESUSCITATION.2021.08.016	34416307	1	0	0	1	10.1016/J.RESUSCITATION.2021.08.016	W3193706035	True	hybrid	2021	0
unige:154579	2021	1	1	1	0	0	0	0	0	0	0	0	0	0	0	0	0	Article scientifique	10.53738/REVMED.2021.17.747.1428	34431637	1	0	0	1		W3194037892	False	closed	2021	0
unige:169280	2021	1	1	0	0	0	0	0	0	0	0	0	0	0	0	0	0	Article scientifique	10.3171/2021.3.PEDS21137	34450578	1	0	0	1	10.3171/2021.3.PEDS21137	W3194965571	True	bronze	2021	0
unige:156527	2021	1	0	1	0	0	0	0	0	0	0	0	0	0	0	0	0	Article scientifique	10.1038/D41586-021-02357-1	34465905	1	0	0	1	10.1038/D41586-021-02357-1	W3197025228	False	closed	2021	0
unige:169637	2021	1	1	0	0	0	0	0	0	0	0	0	0	0	0	0	0	Article scientifique	10.1016/J.JOGOH.2021.102230	34536588	1	0	0	1	10.1016/J.JOGOH.2021.102230	W3199250149	False	closed	2021	0
unige:155120	2021	1	0	1	0	0	0	0	0	0	0	0	0	0	0	0	0	Article scientifique	10.1016/J.JPAIN.2021.09.001	34547430	1	0	0	1	10.1016/J.JPAIN.2021.09.001	W3200167545	True	hybrid	2022	0
unige:161322	2022	1	1	1	0	0	0	0	0	0	0	0	0	0	0	0	0	Article scientifique	10.1164/RCCM.202102-0254IM	34550865	1	0	0	1	10.1164/RCCM.202102-0254IM	W4226087814	True	green	2022	0
unige:158967	2021	1	1	1	0	0	0	0	0	0	0	0	0	0	0	0	0	Article scientifique	10.1007/S00296-021-04993-2	34559277	1	0	0	1	10.1007/S00296-021-04993-2	W3199138588	True	hybrid	2021	0
unige:157122	2021	1	1	0	0	0	0	0	0	0	1	1	0	0	1	1	0	Article scientifique	10.1177/15562646211053538	34779661	1	0	0	1	10.1177/15562646211053538	W3211555031	True	hybrid	2021	0
unige:157760	2021	1	1	0	0	0	0	0	0	0	1	1	0	0	0	0	0	Article scientifique	10.3201/EID2712.204958	34808076	1	0	0	1	10.3201/EID2712.204958	W3215013823	True	gold	2021	0
unige:158801	2021	1	1	0	0	0	0	0	0	0	0	0	0	0	0	0	0	Article scientifique	10.3390/BRAINSCI11111384	34827383	1	0	0	1	10.3390/BRAINSCI11111384	W3210750323	True	gold	2021	0
unige:158800	2022	1	1	0	0	0	0	0	0	0	0	0	0	0	1	1	0	Article scientifique	10.1002/ANA.26282	34877703	1	0	0	1	10.1002/ANA.26282	W4200340799	True	green	2021	0
unige:160662	2021	1	1	0	0	0	0	0	0	0	1	0	0	1	0	0	0	Article scientifique	10.1097/01.TP.0000804720.40126.8E	34908292	1	0	0	1	10.1097/01.TP.0000804720.40126.8E	W3216927094	True	bronze	2021	0
unige:160652	2021	1	1	0	0	0	0	0	0	0	0	0	0	0	0	0	0	Article scientifique	10.1097/01.TP.0000804448.91605.97	34908339	1	0	0	1	10.1097/01.TP.0000804448.91605.97	W3215767010	True	bronze	2021	0
unige:160646	2021	1	1	0	0	0	0	0	0	0	0	0	0	0	0	0	0	Article scientifique	10.1097/01.TP.0000804452.05254.9D	34908340	1	0	0	1	10.1097/01.TP.0000804452.05254.9D	W3216372030	True	bronze	2021	0
unige:161005	2021	1	1	0	0	0	0	0	0	0	0	0	0	0	0	0	0	Article scientifique	10.1080/21614083.2021.2014039	34912587	1	0	0	1	10.1080/21614083.2021.2014039	W4206601958	True	gold	2021	0
unige:170893	2021	1	1	0	0	0	0	0	0	0	0	0	0	0	0	0	0	Article scientifique	10.1016/J.YEBEH.2021.108471	34915430	1	0	0	1	10.1016/J.YEBEH.2021.108471	W4200292384	True	green	2022	0
unige:166898	2022	1	1	0	0	0	0	0	0	0	1	1	0	0	0	0	0	Article scientifique	10.1177/00033197211068938	34979814	1	0	0	1	10.1177/00033197211068938	W4205869139	True	hybrid	2022	0
unige:174731	2022	1	1	0	0	0	0	0	0	0	0	0	0	0	0	0	0	Article scientifique	10.1109/TNSRE.2022.3140888	34990367	1	0	0	1	10.1109/TNSRE.2022.3140888	W4206448483	True	gold	2022	0
unige:159714	2022	1	1	1	0	0	0	0	0	0	1	1	0	0	0	0	0	Article scientifique	10.18176/JIACI.0777	35029149	1	0	0	1	10.18176/JIACI.0777	W4206166280	True	gold	2022	0
unige:163457	2022	1	1	1	0	0	0	0	0	0	0	0	0	0	0	0	0	Article scientifique	10.1038/D41586-022-00463-2	35181775	1	0	0	1	10.1038/D41586-022-00463-2	W4213213179	False	closed	2022	0
unige:164898	2022	1	0	0	0	0	0	1	0	0	0	0	0	0	0	0	0	Article scientifique	10.11607/JOMI.8923	35235616	1	0	0	1	10.11607/JOMI.8923	W4214902791	True	green	2022	0
unige:176851	2022	1	1	0	0	0	0	0	0	0	0	0	0	0	0	0	0	Article scientifique	10.3389/FNEUR.2022.829116	35250833	1	0	0	1	10.3389/FNEUR.2022.829116	W4213234103	True	gold	2022	0
unige:176129	2022	1	1	0	0	0	0	0	0	0	0	0	0	0	0	0	0	Article scientifique	10.1136/BMJOPEN-2021-056352	35292498	1	0	0	1	10.1136/BMJOPEN-2021-056352	W4220814306	True	gold	2022	0
unige:163552	2022	1	1	1	0	0	1	0	0	0	1	1	1	0	1	1	0	Article scientifique	10.1093/CERCOR/BHAC119	35353177	1	0	0	1	10.1093/CERCOR/BHAC119	W4214919251	True	hybrid	2022	0
unige:161000	2022	1	1	0	0	0	0	0	0	0	1	0	0	1	1	1	0	Article scientifique	10.1113/JP282609	35442531	1	0	0	1	10.1113/JP282609	W4224237243	True	hybrid	2022	0
unige:175422	2022	1	1	0	0	0	0	0	0	0	1	0	1	0	1	1	1	Article scientifique	10.1177/09622802221090759	35469504	1	0	0	1	10.1177/09622802221090759	W4224862647	True	hybrid	2022	0
unige:171949	2022	1	1	0	0	0	0	0	0	0	0	0	0	0	0	0	0	Article scientifique	10.1161/JAHA.121.023963	35535596	1	0	0	1	10.1161/JAHA.121.023963	W4280526505	True	gold	2022	0
unige:160976	2022	1	1	0	0	0	0	0	0	0	0	0	0	0	0	0	0	Article professionnel	10.53738/REVMED.2022.18.781.923	35543681	1	0	0	1	10.53738/REVMED.2022.18.781.923	W4280537738	False	closed	2022	0
unige:162399	2022	1	0	1	0	0	1	0	0	0	0	0	0	0	1	1	1	Article scientifique	10.1093/CERCOR/BHAC146	35552662	1	0	0	1	10.1093/CERCOR/BHAC146	W4226277142	True	green	2022	0
unige:169041	2022	1	1	0	0	0	0	0	0	0	0	0	0	0	0	0	0	Article scientifique	10.3390/CANCERS14092191	35565320	1	0	0	1	10.3390/CANCERS14092191	W4280602746	True	gold	2022	0
unige:174512	2022	1	1	0	0	0	0	0	0	0	0	0	0	0	1	1	0	Article scientifique	10.1109/TBCAS.2022.3187828	35786560	1	0	0	1	10.1109/TBCAS.2022.3187828	W4283835789	True	hybrid	2022	0
unige:166402	2022	1	1	1	0	0	0	0	0	0	0	0	0	0	0	0	0	Article scientifique	10.1136/BCR-2022-250557	35850788	1	0	0	1	10.1136/BCR-2022-250557	W4285810256	True	bronze	2022	0
unige:173761	2022	1	1	0	0	0	0	0	0	0	0	0	0	0	0	0	0	Article scientifique	10.3390/IJMS23147585	35886930	1	0	0	1	10.3390/IJMS23147585	W4284966246	True	gold	2022	0
unige:164753	2022	1	0	0	0	0	0	0	1	0	0	0	0	0	0	0	0	Article scientifique	10.3390/IJERPH19159536	35954898	1	0	0	1	10.3390/IJERPH19159536	W4289711263	True	gold	2022	0
unige:171951	2022	1	1	0	0	0	0	0	0	0	0	0	0	0	0	0	0	Article scientifique	10.4414/SMW.2022.W30217	36074038	1	0	0	1	10.4414/SMW.2022.W30217	W4294990832	True	gold	2022	0
unige:176837	2022	1	1	0	0	0	0	0	0	0	0	0	0	0	0	0	0	Article scientifique	10.1097/MOP.0000000000001170	36081356	1	0	0	1	10.1097/MOP.0000000000001170	W4295079422	True	hybrid	2022	0
unige:164385	2022	1	1	0	0	0	0	0	0	0	1	1	0	0	0	0	0	Article scientifique	10.1093/RHEUMATOLOGY/KEAC533	36099040	1	0	0	1	10.1093/RHEUMATOLOGY/KEAC533	W4295420237	False	closed	2022	0
unige:166813	2022	1	1	0	0	0	0	0	0	0	1	1	0	0	0	0	0	Article scientifique	10.1093/RHEUMATOLOGY/KEAC500	36102818	1	0	0	1	10.1093/RHEUMATOLOGY/KEAC500	W4295681724	True	green	2022	0
unige:169008	2022	1	1	0	0	0	0	0	0	0	0	0	0	0	1	1	0	Article scientifique	10.1097/DER.0000000000000945	36125788	1	0	0	1	10.1097/DER.0000000000000945	W4296702751	True	green	2022	0
unige:166872	2022	1	1	0	0	0	0	0	0	0	0	0	0	0	0	0	0	Article scientifique	10.3390/DERMATOPATHOLOGY9030036	36135101	1	0	0	1	10.3390/DERMATOPATHOLOGY9030036	W4296087360	True	gold	2022	0
unige:164052	2022	1	0	1	0	0	0	0	0	0	1	0	1	0	0	0	0	Article scientifique	10.1128/JVI.00871-22	36190240	1	0	0	1	10.1128/JVI.00871-22	W4300690843	True	hybrid	2022	0
unige:164053	2022	1	0	1	0	0	0	0	0	0	0	0	0	0	1	1	0	Article scientifique	10.1128/MBIO.01965-22	36200777	1	0	0	1	10.1128/MBIO.01965-22	W4302763161	True	gold	2022	0
unige:166942	2022	1	0	0	0	0	0	1	0	0	0	0	0	0	0	0	0	Article scientifique	10.1093/EJO/CJAC061	36203363	1	0	0	1	10.1093/EJO/CJAC061	W4303045598	False	closed	2022	0
unige:164303	2022	1	0	1	0	0	0	0	0	0	0	0	0	0	0	0	0	Article scientifique	10.1021/ACS.JMEDCHEM.2C01336	36216349	1	0	0	1	10.1021/ACS.JMEDCHEM.2C01336	W4304118768	True	hybrid	2022	0
unige:167030	2022	1	0	0	0	0	0	0	1	0	0	0	0	0	0	0	0	Article scientifique	10.21614/CHIRURGIA.2766	36318688	1	0	0	1	10.21614/CHIRURGIA.2766	W4308058335	True	gold	2022	0
unige:173266	2022	1	1	0	0	0	0	0	0	0	0	0	0	0	0	0	0	Article scientifique	10.1093/INFDIS/JIAC457	36433831	1	0	0	1	10.1093/INFDIS/JIAC457	W4309977620	False	closed	2022	0
unige:166651	2022	1	1	0	0	0	0	0	0	0	0	0	0	0	1	1	0	Article scientifique	10.1177/15910199221145745	36529940	1	0	0	1	10.1177/15910199221145745	W4311933681	True	hybrid	2022	0
unige:173715	2022	1	0	1	0	0	0	0	0	0	0	0	0	0	1	1	0	Article scientifique	10.1530/REP-22-0312	36538648	1	0	0	1	10.1530/REP-22-0312	W4312066132	True	bronze	2022	0
unige:166004	2022	1	0	1	0	0	0	0	0	0	0	0	0	0	0	0	0	Article scientifique	10.1093/INFDIS/JIAC487	36542509	1	0	0	1	10.1093/INFDIS/JIAC487	W4312065292	True	bronze	2022	0
unige:166812	2022	1	1	1	0	0	0	0	0	0	1	1	0	0	0	0	0	Article scientifique	10.1093/STCLTM/SZAC081	36571216	1	0	0	1	10.1093/STCLTM/SZAC081	W4312194965	True	gold	2022	0
unige:167193	2022	1	0	0	1	0	0	0	0	0	0	0	0	0	0	0	0	Article scientifique	10.1093/PLPHYS/KIAC605	36583226	1	0	0	1	10.1093/PLPHYS/KIAC605	W4313312248	True	hybrid	2022	0
