856_filetype	date	DATA	BIOMED	discipline_clinical	discipline_basic	discipline_biology	discipline_pharma	discipline_affective	discipline_dentistry	discipline_medicine_general	discipline_neurosciences	FUNDER	FNS_FUNDER	EU_FUNDER
0	1873	0	0	0	0	0	0	0	0	0	0	0	0	0
0	1883	0	0	0	0	0	0	0	0	0	0	0	0	0
0	1888	0	0	0	0	0	0	0	0	0	0	0	0	0
0	1889	0	0	0	0	0	0	0	0	0	0	0	0	0
0	1890	0	0	0	0	0	0	0	0	0	0	0	0	0
0	1891	0	0	0	0	0	0	0	0	0	0	0	0	0
0	1892	0	0	0	0	0	0	0	0	0	0	0	0	0
0	1893	0	0	0	0	0	0	0	0	0	0	0	0	0
0	1894	0	0	0	0	0	0	0	0	0	0	0	0	0
0	1895	0	0	0	0	0	0	0	0	0	0	0	0	0
0	1896	0	0	0	0	0	0	0	0	0	0	0	0	0
0	1897	0	0	0	0	0	0	0	0	0	0	0	0	0
0	1899	0	2	0	0	2	0	0	0	0	0	0	0	0
0	1900	0	1	0	0	1	0	0	0	0	0	0	0	0
0	1901	0	1	0	0	1	0	0	0	0	0	0	0	0
0	1902	0	4	0	0	4	0	0	0	0	0	0	0	0
0	1903	0	3	0	0	3	0	0	0	0	0	0	0	0
0	1904	0	4	0	0	4	0	0	0	0	0	0	0	0
0	1905	0	3	0	0	3	0	0	0	0	0	0	0	0
0	1906	0	2	0	0	2	0	0	0	0	0	0	0	0
0	1907	0	1	0	0	1	0	0	0	0	0	0	0	0
0	1908	0	1	0	0	1	0	0	0	0	0	0	0	0
0	1909	0	1	0	0	1	0	0	0	0	0	0	0	0
0	1910	0	3	0	0	3	0	0	0	0	0	0	0	0
0	1911	0	5	0	0	5	0	0	0	0	0	0	0	0
0	1912	0	5	0	0	5	0	0	0	0	0	0	0	0
0	1913	0	2	0	0	2	0	0	0	0	0	0	0	0
0	1914	0	2	0	0	2	0	0	0	0	0	0	0	0
0	1915	0	2	0	0	2	0	0	0	0	0	0	0	0
0	1916	0	2	0	0	2	0	0	0	0	0	0	0	0
0	1917	0	0	0	0	0	0	0	0	0	0	0	0	0
0	1919	0	1	0	0	1	0	0	0	0	0	0	0	0
0	1920	0	2	0	0	2	0	0	0	0	0	0	0	0
0	1921	0	1	0	0	1	0	0	0	0	0	0	0	0
0	1922	0	2	0	0	2	0	0	0	0	0	0	0	0
0	1923	0	1	0	0	1	0	0	0	0	0	0	0	0
0	1924	0	1	0	0	1	0	0	0	0	0	0	0	0
0	1926	0	0	0	0	0	0	0	0	0	0	0	0	0
0	1927	0	8	0	0	8	0	0	0	0	0	0	0	0
0	1928	0	5	0	0	5	0	0	0	0	0	0	0	0
0	1929	0	2	0	0	2	0	0	0	0	0	0	0	0
0	1930	0	2	0	0	2	0	0	0	0	0	0	0	0
0	1931	0	0	0	0	0	0	0	0	0	0	0	0	0
0	1932	0	0	0	0	0	0	0	0	0	0	0	0	0
0	1933	0	2	0	0	2	0	0	0	0	0	0	0	0
0	1935	0	0	0	0	0	0	0	0	0	0	0	0	0
0	1936	0	0	0	0	0	0	0	0	0	0	0	0	0
0	1937	0	0	0	0	0	0	0	0	0	0	0	0	0
0	1938	0	0	0	0	0	0	0	0	0	0	0	0	0
0	1939	0	1	0	0	1	0	0	0	0	0	0	0	0
0	1940	0	0	0	0	0	0	0	0	0	0	0	0	0
0	1941	0	0	0	0	0	0	0	0	0	0	0	0	0
0	1943	0	0	0	0	0	0	0	0	0	0	0	0	0
0	1944	0	1	0	0	1	0	0	0	0	0	0	0	0
0	1945	0	0	0	0	0	0	0	0	0	0	0	0	0
0	1946	0	2	0	0	2	0	0	0	0	0	0	0	0
0	1947	0	0	0	0	0	0	0	0	0	0	0	0	0
0	1948	0	0	0	0	0	0	0	0	0	0	0	0	0
0	1949	0	0	0	0	0	0	0	0	0	0	0	0	0
0	1950	0	0	0	0	0	0	0	0	0	0	0	0	0
0	1951	0	0	0	0	0	0	0	0	0	0	0	0	0
0	1952	0	1	0	0	1	0	0	0	0	0	0	0	0
0	1953	0	0	0	0	0	0	0	0	0	0	0	0	0
0	1955	0	0	0	0	0	0	0	0	0	0	0	0	0
0	1956	0	1	0	0	0	0	0	0	1	0	0	0	0
0	1957	0	0	0	0	0	0	0	0	0	0	0	0	0
0	1958	0	1	0	0	1	0	0	0	0	0	0	0	0
0	1959	0	0	0	0	0	0	0	0	0	0	0	0	0
0	1960	0	0	0	0	0	0	0	0	0	0	0	0	0
0	1961	0	0	0	0	0	0	0	0	0	0	0	0	0
0	1962	0	1	0	0	0	0	0	0	1	0	0	0	0
0	1963	0	1	0	0	1	0	0	0	0	0	0	0	0
0	1964	0	3	0	0	3	0	0	0	0	0	0	0	0
0	1965	0	0	0	0	0	0	0	0	0	0	0	0	0
0	1966	0	1	0	0	1	0	0	0	0	0	0	0	0
0	1967	0	0	0	0	0	0	0	0	0	0	0	0	0
0	1968	0	0	0	0	0	0	0	0	0	0	0	0	0
0	1969	0	0	0	0	0	0	0	0	0	0	0	0	0
0	1970	0	0	0	0	0	0	0	0	0	0	0	0	0
0	1971	0	1	1	0	0	0	0	0	0	0	0	0	0
0	1972	0	1	1	0	0	0	0	0	0	0	0	0	0
0	1973	0	1	0	0	0	1	0	0	0	0	0	0	0
0	1974	0	4	0	0	3	1	0	0	0	0	2	2	0
0	1975	0	5	0	0	5	0	0	0	0	0	2	2	0
0	1976	0	10	1	3	6	0	0	0	0	0	1	1	0
0	1977	0	7	0	6	2	0	0	0	0	0	0	0	0
0	1978	0	7	0	3	5	0	0	0	0	0	0	0	0
0	1979	0	16	5	8	5	0	0	0	0	0	1	1	0
0	1980	0	10	3	4	2	1	0	0	0	0	1	1	0
0	1981	0	19	1	6	12	0	0	0	0	0	14	14	0
0	1982	0	26	4	7	17	0	0	0	0	0	15	15	0
0	1983	0	29	4	7	18	0	0	0	0	0	13	13	0
0	1984	0	30	8	2	20	0	0	0	0	0	7	7	0
0	1985	0	30	5	10	14	1	0	0	0	0	22	22	0
0	1986	0	37	11	5	21	0	0	0	0	0	17	17	0
0	1987	0	43	11	12	20	0	0	0	0	0	13	13	0
0	1988	0	38	9	15	15	2	0	0	0	0	3	3	0
0	1989	0	44	12	15	17	0	0	0	0	0	11	11	0
0	1990	0	33	9	14	12	0	0	0	0	0	15	15	0
0	1991	0	59	11	23	23	1	0	0	1	0	21	21	0
0	1992	0	64	11	19	28	6	0	0	1	0	15	15	0
0	1993	0	85	27	32	26	3	0	1	0	0	14	14	0
0	1994	0	76	24	24	24	5	0	0	1	0	23	23	0
0	1995	0	101	28	35	27	12	0	0	1	0	13	13	0
0	1996	0	112	38	38	31	6	0	0	1	0	10	10	0
0	1997	0	150	53	33	45	23	0	0	1	0	20	20	0
0	1998	0	119	64	29	7	20	0	0	1	0	3	3	0
0	1999	0	142	60	38	40	14	0	0	1	0	10	10	0
0	2000	1	192	112	31	39	13	0	1	2	0	4	4	0
0	2001	0	170	105	30	28	12	0	0	2	0	3	3	0
0	2002	0	231	165	38	21	8	0	5	1	0	4	4	0
0	2003	1	219	142	40	30	6	0	4	2	0	7	7	0
0	2004	2	214	137	49	25	12	1	1	3	0	5	5	0
0	2005	0	206	121	50	18	17	8	2	2	0	5	5	0
0	2006	2	208	125	50	18	20	5	2	1	0	10	10	0
0	2007	0	254	175	53	18	13	9	5	3	0	7	7	0
0	2008	1	874	631	224	25	13	19	23	18	0	7	7	0
0	2009	2	793	565	186	33	20	33	11	13	0	11	8	4
0	2010	2	926	680	245	40	23	21	9	15	0	17	13	5
0	2011	1	317	226	33	48	16	13	7	3	0	23	19	5
0	2012	4	327	239	17	39	20	20	2	5	1	37	33	7
0	2013	3	387	258	32	54	30	13	17	4	1	76	67	12
0	2014	1	407	267	48	60	26	32	1	4	0	116	96	29
0	2015	6	380	236	70	63	20	29	8	6	0	118	106	30
0	2016	22	432	308	55	64	17	17	13	4	1	124	102	35
0	2017	26	520	320	88	89	21	25	23	5	0	162	139	52
0	2018	81	836	624	114	94	26	34	9	6	0	311	267	73
0	2019	116	1312	1033	162	102	59	53	12	23	3	458	413	73
0	2020	192	1687	1343	267	129	77	70	5	39	29	656	591	122
0	2021	287	2000	1563	337	121	103	75	41	58	27	769	666	169
0	2022	364	1824	1400	331	156	100	64	27	50	35	790	681	199
0	2023	221	1384	1057	225	101	67	75	38	29	39	567	487	141
0	2024	62	302	234	62	20	9	16	4	9	4	154	138	29
7Z	2016	1	0	0	0	0	0	0	0	0	0	0	0	0
7Z	2017	1	0	0	0	0	0	0	0	0	0	0	0	0
AVI	2008	7	7	4	3	0	0	0	0	0	0	0	0	0
AVI	2010	0	3	3	0	0	0	0	0	0	0	0	0	0
AVI	2018	6	4	0	4	0	0	0	0	0	0	6	6	2
AVI	2020	4	3	1	2	0	0	0	0	0	0	4	4	4
AVI	2021	11	11	3	11	0	0	0	0	0	0	7	7	3
AVI	2022	10	6	0	6	0	0	0	0	0	0	9	9	0
AVI	2023	9	9	0	9	0	2	0	0	0	0	9	9	0
BMC DEVELOPMENTAL BIOLOGY	2012	0	1	0	0	1	0	0	0	0	0	0	0	0
CONTENT	2002	0	0	0	0	0	0	0	0	0	0	0	0	0
CONTENT	2006	0	0	0	0	0	0	0	0	0	0	0	0	0
CSV	2021	1	1	1	0	0	0	0	0	0	0	1	1	1
CSV	2022	11	11	2	9	0	0	0	0	0	0	0	0	0
CSV	2023	15	15	12	7	0	0	0	0	2	0	8	7	1
DOC	1999	0	0	0	0	0	0	0	0	0	0	0	0	0
DOC	2002	0	0	0	0	0	0	0	0	0	0	0	0	0
DOC	2003	0	0	0	0	0	0	0	0	0	0	1	1	0
DOC	2004	0	0	0	0	0	0	0	0	0	0	0	0	0
DOC	2005	0	0	0	0	0	0	0	0	0	0	0	0	0
DOC	2006	0	0	0	0	0	0	0	0	0	0	0	0	0
DOC	2007	0	0	0	0	0	0	0	0	0	0	0	0	0
DOC	2008	0	1	1	1	0	1	0	0	0	0	0	0	0
DOC	2009	3	1	0	0	0	1	0	0	0	0	0	0	0
DOC	2010	1	2	1	0	0	0	0	0	1	0	0	0	0
DOC	2011	1	2	1	1	0	0	0	0	0	0	0	0	0
DOC	2012	0	3	3	0	0	0	0	0	0	0	1	1	0
DOC	2013	2	2	2	0	0	0	0	1	0	0	0	0	0
DOC	2014	1	2	2	0	0	0	0	0	0	0	1	1	0
DOC	2015	2	1	1	0	0	0	0	0	0	0	2	2	0
DOC	2016	1	0	0	0	0	0	0	0	0	0	1	1	0
DOC	2017	4	0	0	0	0	0	0	0	0	0	2	0	2
DOC	2018	4	4	3	0	0	1	0	0	0	0	2	2	0
DOC	2019	12	12	12	0	0	0	0	1	0	0	1	1	0
DOC	2020	23	23	22	2	0	0	0	0	0	5	9	9	1
DOC	2021	10	10	10	0	0	0	0	0	0	0	3	2	2
DOC	2022	9	9	7	0	0	0	0	2	0	0	3	0	3
DOC	2023	4	5	5	0	0	0	0	1	0	0	0	0	0
DOCX	1971	1	0	0	0	0	0	0	0	0	0	0	0	0
DOCX	2007	0	1	1	1	0	0	0	0	0	0	0	0	0
DOCX	2013	1	3	3	0	0	0	0	0	0	0	1	1	0
DOCX	2014	3	3	3	1	0	0	0	0	0	0	3	3	0
DOCX	2015	8	10	8	0	1	0	0	0	1	0	1	1	0
DOCX	2016	10	5	5	3	1	0	0	0	0	0	6	6	1
DOCX	2017	20	5	5	1	0	0	0	0	0	0	5	4	3
DOCX	2018	43	37	28	4	8	0	0	0	0	0	19	19	4
DOCX	2019	117	110	98	13	6	0	2	1	0	0	44	41	5
DOCX	2020	207	210	201	42	3	6	11	1	0	4	93	84	13
DOCX	2021	349	337	310	50	4	13	5	1	9	4	118	100	28
DOCX	2022	347	349	313	49	9	12	8	7	7	4	99	93	16
DOCX	2023	268	278	244	61	2	16	13	8	7	14	98	93	12
DOCX	2024	44	46	40	14	2	2	1	0	0	1	19	18	2
DTA	2019	1	1	1	0	0	0	0	0	0	0	1	1	0
EPS	2024	6	6	6	6	0	0	0	0	0	0	6	6	0
EPUB	2019	0	0	0	0	0	0	0	0	0	0	0	0	0
EPUB	2021	0	0	0	0	0	0	0	0	0	0	0	0	0
EPUB	2022	0	0	0	0	0	0	0	0	0	0	0	0	0
EPUB	2023	0	0	0	0	0	0	0	0	0	0	0	0	0
FILE1	2001	0	0	0	0	0	0	0	0	0	0	0	0	0
FILE1	2002	0	0	0	0	0	0	0	0	0	0	0	0	0
FILE1	2003	0	0	0	0	0	0	0	0	0	0	0	0	0
FILE1	2004	0	0	0	0	0	0	0	0	0	0	0	0	0
FILE1	2005	0	0	0	0	0	0	0	0	0	0	0	0	0
FILE1	2007	1	0	0	0	0	0	0	0	0	0	0	0	0
FILE2	2007	1	0	0	0	0	0	0	0	0	0	0	0	0
FILE3	2002	0	0	0	0	0	0	0	0	0	0	0	0	0
FILE3	2009	1	0	0	0	0	0	0	0	0	0	0	0	0
GIF	1994	0	0	0	0	0	0	0	0	0	0	0	0	0
GIF	2005	0	0	0	0	0	0	0	0	0	0	0	0	0
GIF	2008	5	5	0	5	0	0	0	0	0	0	0	0	0
GIF	2020	1	1	1	0	0	0	0	0	0	0	1	1	1
GIF	2022	3	3	3	2	0	0	0	0	0	0	0	0	0
GZ	2007	0	0	0	0	0	0	0	0	0	0	0	0	0
HTM	2011	0	1	1	1	0	0	0	0	0	0	0	0	0
HTM	2015	0	1	0	1	0	0	0	0	0	0	0	0	0
HTML	2007	0	7	7	2	0	0	0	0	0	0	0	0	0
HTML	2013	1	1	1	0	0	0	0	0	0	0	1	1	0
HTML	2014	1	0	0	0	0	0	0	0	0	0	0	0	0
HTML	2015	0	1	0	1	0	0	0	0	0	0	0	0	0
HTML	2016	1	0	0	0	0	0	0	0	0	0	0	0	0
HTML	2020	4	0	0	0	0	0	0	0	0	0	0	0	0
HTML	2021	0	1	1	0	0	0	0	0	0	0	0	0	0
JPEG	2017	1	0	0	0	0	0	0	0	0	0	1	1	1
JPEG	2018	0	0	0	0	0	0	0	0	0	0	0	0	0
JPEG	2019	2	2	2	0	0	0	0	0	0	0	0	0	0
JPEG	2020	4	4	2	2	0	0	0	2	0	0	4	4	0
JPEG	2021	3	3	3	3	0	3	0	0	0	0	0	0	0
JPEG	2022	7	6	6	0	0	0	0	0	0	0	0	0	0
JPEG	2023	1	1	1	0	0	0	0	0	0	0	0	0	0
JPG	1994	1	0	0	0	0	0	0	0	0	0	0	0	0
JPG	2000	0	0	0	0	0	0	0	0	0	0	0	0	0
JPG	2002	0	0	0	0	0	0	0	0	0	0	0	0	0
JPG	2007	5	0	0	0	0	0	0	0	0	0	0	0	0
JPG	2008	3	3	2	3	0	0	1	0	0	1	0	0	0
JPG	2010	5	5	0	5	0	0	0	0	0	0	0	0	0
JPG	2013	8	1	1	0	0	0	0	0	0	0	0	0	0
JPG	2014	16	0	0	0	0	0	0	0	0	0	0	0	0
JPG	2016	5	0	0	0	0	0	0	0	0	0	0	0	0
JPG	2017	0	0	0	0	0	0	0	0	0	0	0	0	0
JPG	2018	0	0	0	0	0	0	0	0	0	0	0	0	0
JPG	2019	7	6	6	4	0	0	0	0	0	0	5	5	4
JPG	2020	21	21	21	7	0	0	0	0	0	0	9	7	2
JPG	2021	121	122	114	23	1	0	0	0	0	0	25	25	0
JPG	2022	376	368	259	154	2	7	0	12	0	0	106	105	21
JPG	2023	32	35	33	3	2	6	0	0	0	0	0	0	0
JPG	2024	1	0	0	0	0	0	0	0	0	0	0	0	0
JSON	2021	1	1	1	0	0	0	0	0	0	0	1	1	1
M4V	2013	1	1	1	0	0	0	0	0	0	0	0	0	0
M4V	2021	1	0	0	0	0	0	0	0	0	0	0	0	0
MAT	2022	1	1	1	0	0	0	0	0	0	0	1	0	1
MHTML	2021	0	0	0	0	0	0	0	0	0	0	1	1	0
MOV	2009	0	3	0	3	0	0	0	0	0	0	0	0	0
MOV	2019	2	2	2	0	0	0	0	0	0	0	0	0	0
MOV	2020	0	1	1	1	0	0	0	0	0	0	1	1	0
MOV	2021	0	5	0	5	0	0	0	0	0	0	5	5	0
MOV	2023	5	6	2	4	0	0	0	0	0	0	4	4	0
MOV	2024	5	5	0	5	0	0	0	0	0	0	5	5	5
MP3	2016	0	0	0	0	0	0	0	0	0	0	0	0	0
MP3	2022	0	1	1	0	0	0	0	0	0	0	0	0	0
MP4	2010	0	2	2	0	0	0	0	0	0	0	0	0	0
MP4	2015	3	0	0	0	0	0	0	0	0	0	0	0	0
MP4	2016	3	0	0	0	0	0	0	0	0	0	3	3	3
MP4	2018	3	3	3	0	0	0	0	0	0	0	0	0	0
MP4	2019	2	2	2	1	0	0	0	0	0	0	1	1	0
MP4	2020	18	19	18	10	1	0	0	0	0	0	10	10	1
MP4	2021	30	31	13	17	0	2	0	0	0	0	17	16	1
MP4	2022	27	22	16	10	0	0	1	0	0	0	13	13	2
MP4	2023	10	15	7	7	0	0	0	3	0	0	3	2	1
MP4	2024	4	5	2	3	0	0	0	0	0	0	2	2	2
MPG	2009	1	1	0	1	0	0	0	0	0	0	0	0	0
MPG	2020	5	5	5	0	0	0	0	0	0	0	0	0	0
PDF	1832	0	0	0	0	0	0	0	0	0	0	0	0	0
PDF	1838	0	0	0	0	0	0	0	0	0	0	0	0	0
PDF	1841	0	0	0	0	0	0	0	0	0	0	0	0	0
PDF	1843	1	0	0	0	0	0	0	0	0	0	0	0	0
PDF	1844	0	0	0	0	0	0	0	0	0	0	0	0	0
PDF	1845	1	0	0	0	0	0	0	0	0	0	0	0	0
PDF	1847	0	0	0	0	0	0	0	0	0	0	0	0	0
PDF	1848	0	0	0	0	0	0	0	0	0	0	0	0	0
PDF	1849	0	0	0	0	0	0	0	0	0	0	0	0	0
PDF	1851	0	0	0	0	0	0	0	0	0	0	0	0	0
PDF	1852	0	0	0	0	0	0	0	0	0	0	0	0	0
PDF	1853	0	0	0	0	0	0	0	0	0	0	0	0	0
PDF	1856	1	0	0	0	0	0	0	0	0	0	0	0	0
PDF	1857	1	0	0	0	0	0	0	0	0	0	0	0	0
PDF	1858	0	0	0	0	0	0	0	0	0	0	0	0	0
PDF	1859	0	0	0	0	0	0	0	0	0	0	0	0	0
PDF	1860	0	0	0	0	0	0	0	0	0	0	0	0	0
PDF	1861	0	0	0	0	0	0	0	0	0	0	0	0	0
PDF	1862	0	0	0	0	0	0	0	0	0	0	0	0	0
PDF	1863	0	0	0	0	0	0	0	0	0	0	0	0	0
PDF	1864	0	0	0	0	0	0	0	0	0	0	0	0	0
PDF	1865	0	0	0	0	0	0	0	0	0	0	0	0	0
PDF	1866	0	0	0	0	0	0	0	0	0	0	0	0	0
PDF	1867	1	0	0	0	0	0	0	0	0	0	0	0	0
PDF	1868	0	0	0	0	0	0	0	0	0	0	0	0	0
PDF	1869	0	0	0	0	0	0	0	0	0	0	0	0	0
PDF	1870	0	0	0	0	0	0	0	0	0	0	0	0	0
PDF	1871	0	0	0	0	0	0	0	0	0	0	0	0	0
PDF	1872	0	0	0	0	0	0	0	0	0	0	0	0	0
PDF	1873	0	0	0	0	0	0	0	0	0	0	0	0	0
PDF	1874	0	0	0	0	0	0	0	0	0	0	0	0	0
PDF	1875	0	0	0	0	0	0	0	0	0	0	0	0	0
PDF	1876	0	0	0	0	0	0	0	0	0	0	0	0	0
PDF	1877	0	0	0	0	0	0	0	0	0	0	0	0	0
PDF	1878	1	3	0	0	0	0	0	0	3	0	0	0	0
PDF	1879	0	2	0	0	0	0	0	0	2	0	0	0	0
PDF	1880	0	0	0	0	0	0	0	0	0	0	0	0	0
PDF	1881	0	1	0	0	0	0	0	0	1	0	0	0	0
PDF	1882	0	5	0	0	0	0	0	0	5	0	0	0	0
PDF	1883	1	0	0	0	0	0	0	0	0	0	0	0	0
PDF	1884	0	2	0	0	0	0	0	0	2	0	0	0	0
PDF	1885	0	5	0	0	0	0	0	0	5	0	0	0	0
PDF	1886	0	7	0	0	0	0	0	0	7	0	0	0	0
PDF	1887	0	6	0	0	0	0	0	0	6	0	0	0	0
PDF	1888	1	2	0	0	2	0	0	0	0	0	0	0	0
PDF	1889	1	4	0	0	0	0	0	0	4	0	0	0	0
PDF	1890	0	12	0	0	0	0	0	0	12	0	0	0	0
PDF	1891	0	13	0	0	0	0	0	0	13	0	0	0	0
PDF	1892	0	18	0	0	0	0	0	0	18	0	0	0	0
PDF	1893	0	10	0	0	0	0	0	0	10	0	0	0	0
PDF	1894	0	10	0	0	0	0	0	0	10	0	0	0	0
PDF	1895	0	8	0	0	0	0	0	0	8	0	0	0	0
PDF	1896	2	20	0	0	0	0	0	0	20	0	0	0	0
PDF	1897	0	16	0	0	0	0	0	0	16	0	0	0	0
PDF	1898	0	16	0	0	1	0	0	0	15	0	0	0	0
PDF	1899	0	25	0	0	2	0	0	0	23	0	0	0	0
PDF	1900	0	1	0	0	1	0	0	0	0	0	0	0	0
PDF	1901	0	2	0	0	2	0	0	0	0	0	0	0	0
PDF	1902	0	11	0	0	11	0	0	0	0	0	0	0	0
PDF	1903	0	5	0	0	5	0	0	0	0	0	0	0	0
PDF	1904	0	9	0	0	8	0	0	0	1	0	0	0	0
PDF	1905	0	4	0	0	4	0	0	0	0	0	0	0	0
PDF	1906	0	5	0	0	5	0	0	1	0	0	0	0	0
PDF	1907	0	4	0	0	4	0	0	0	0	0	0	0	0
PDF	1908	0	3	0	0	3	0	0	0	0	0	0	0	0
PDF	1909	2	4	1	0	3	0	0	0	0	0	0	0	0
PDF	1910	0	5	0	0	5	0	0	0	0	0	0	0	0
PDF	1911	0	9	0	0	9	0	0	0	0	0	0	0	0
PDF	1912	0	14	0	0	14	0	0	0	0	0	0	0	0
PDF	1913	0	9	0	0	9	0	0	0	0	0	0	0	0
PDF	1914	0	6	0	0	6	0	0	0	0	0	0	0	0
PDF	1915	0	10	0	0	10	0	0	0	0	0	0	0	0
PDF	1916	0	5	0	0	5	0	0	0	0	0	0	0	0
PDF	1917	0	3	0	0	3	0	0	0	0	0	0	0	0
PDF	1918	0	3	0	0	3	0	0	0	0	0	0	0	0
PDF	1919	0	4	0	0	4	0	0	0	0	0	0	0	0
PDF	1920	0	9	0	0	9	0	0	0	0	0	0	0	0
PDF	1921	0	6	0	0	6	0	0	0	0	0	0	0	0
PDF	1922	0	11	0	0	11	0	0	0	0	0	0	0	0
PDF	1923	0	1	0	0	1	0	0	0	0	0	0	0	0
PDF	1924	0	3	0	0	3	0	0	0	0	0	0	0	0
PDF	1925	0	2	0	0	1	0	0	0	1	0	0	0	0
PDF	1926	0	2	0	0	2	0	0	0	0	0	0	0	0
PDF	1927	0	13	0	0	13	0	0	0	0	0	0	0	0
PDF	1928	0	15	0	0	15	0	0	0	0	0	0	0	0
PDF	1929	0	11	0	0	11	0	0	0	0	0	0	0	0
PDF	1930	0	9	0	0	9	0	0	0	0	0	0	0	0
PDF	1931	0	8	0	0	8	0	0	0	0	0	0	0	0
PDF	1932	0	12	0	0	12	0	0	0	0	0	0	0	0
PDF	1933	0	9	0	0	9	0	0	0	0	0	0	0	0
PDF	1934	0	11	0	0	11	0	0	0	0	0	0	0	0
PDF	1935	0	2	0	0	2	0	0	0	0	0	0	0	0
PDF	1936	0	8	0	0	8	0	0	0	0	0	0	0	0
PDF	1937	0	3	0	0	3	0	0	0	0	0	0	0	0
PDF	1938	0	6	0	0	6	0	0	0	0	0	0	0	0
PDF	1939	0	13	0	0	12	0	0	0	1	0	0	0	0
PDF	1940	0	2	0	0	2	0	0	0	0	0	0	0	0
PDF	1941	0	6	0	0	6	0	0	0	0	0	0	0	0
PDF	1942	0	4	0	0	4	0	0	0	0	0	0	0	0
PDF	1943	0	4	0	0	4	0	0	0	0	0	0	0	0
PDF	1944	0	9	0	0	8	1	0	0	0	0	0	0	0
PDF	1945	0	12	0	0	12	0	0	0	0	0	0	0	0
PDF	1946	0	26	1	0	21	1	0	1	2	0	0	0	0
PDF	1947	0	11	0	0	9	1	0	1	0	0	0	0	0
PDF	1948	0	14	0	0	13	1	0	0	0	0	0	0	0
PDF	1949	0	11	0	0	11	0	0	0	0	0	0	0	0
PDF	1950	0	18	0	0	17	0	0	1	0	0	0	0	0
PDF	1951	0	11	0	0	9	1	0	1	0	0	0	0	0
PDF	1952	0	13	0	0	13	0	0	0	0	0	0	0	0
PDF	1953	0	8	0	0	6	1	0	1	0	0	0	0	0
PDF	1954	0	15	0	0	12	0	0	3	0	0	0	0	0
PDF	1955	0	10	0	0	8	1	0	1	0	0	0	0	0
PDF	1956	0	7	0	0	5	0	0	0	2	0	0	0	0
PDF	1957	1	16	0	0	15	1	0	0	0	0	0	0	0
PDF	1958	0	12	0	0	11	0	0	0	1	0	0	0	0
PDF	1959	0	5	0	0	4	0	0	0	1	0	0	0	0
PDF	1960	0	14	0	0	14	0	0	0	0	0	0	0	0
PDF	1961	0	9	0	0	9	0	0	0	0	0	0	0	0
PDF	1962	0	11	0	0	10	0	0	0	1	0	0	0	0
PDF	1963	0	10	0	0	10	0	0	0	1	0	0	0	0
PDF	1964	0	8	0	0	8	0	0	0	0	0	0	0	0
PDF	1965	0	13	0	0	13	0	0	0	0	0	0	0	0
PDF	1966	0	8	0	0	8	0	0	0	0	0	0	0	0
PDF	1967	0	9	0	0	9	0	0	0	0	0	0	0	0
PDF	1968	0	17	0	0	14	3	0	0	0	0	0	0	0
PDF	1969	0	9	0	0	8	1	0	0	0	0	0	0	0
PDF	1970	0	16	0	0	16	0	0	0	0	0	0	0	0
PDF	1971	0	13	1	0	12	0	0	0	0	0	0	0	0
PDF	1972	1	15	1	0	13	0	0	0	1	0	0	0	0
PDF	1973	0	18	0	1	15	2	0	0	0	0	0	0	0
PDF	1974	1	11	0	0	10	1	0	0	0	0	2	2	0
PDF	1975	0	17	0	1	16	0	0	0	0	0	3	3	0
PDF	1976	0	33	3	3	26	2	0	0	1	0	2	2	0
PDF	1977	0	29	0	6	23	1	0	0	0	0	0	0	0
PDF	1978	0	29	1	3	22	5	0	0	1	0	1	1	0
PDF	1979	0	37	5	9	26	0	0	0	0	0	3	3	0
PDF	1980	0	33	4	2	26	1	0	0	0	0	2	2	0
PDF	1981	0	37	1	6	30	0	0	0	0	0	24	24	0
PDF	1982	1	43	5	6	35	0	0	0	0	0	20	20	0
PDF	1983	0	48	6	5	37	0	0	0	0	0	16	16	0
PDF	1984	0	62	9	3	50	0	0	0	0	0	21	21	0
PDF	1985	0	48	6	5	36	1	0	0	0	0	40	40	0
PDF	1986	0	74	11	6	54	1	0	2	0	0	23	23	0
PDF	1987	2	67	15	12	37	0	0	1	2	0	20	20	0
PDF	1988	0	72	14	14	45	3	0	1	0	0	9	9	0
PDF	1989	1	67	19	19	28	1	0	0	0	0	16	16	0
PDF	1990	1	102	15	23	61	0	0	5	1	0	34	34	0
PDF	1991	1	91	21	19	45	1	0	3	6	0	36	36	0
PDF	1992	1	148	20	23	72	22	0	10	10	0	23	23	0
PDF	1993	1	171	46	31	83	14	0	3	4	0	29	29	0
PDF	1994	3	178	52	27	81	20	0	4	9	0	42	42	0
PDF	1995	2	190	62	30	74	28	0	0	5	0	25	25	0
PDF	1996	1	258	82	46	102	31	1	1	4	0	24	24	0
PDF	1997	0	322	109	44	111	61	0	4	5	0	33	33	0
PDF	1998	4	529	333	83	78	75	0	0	3	0	9	9	0
PDF	1999	1	586	331	82	137	71	0	4	3	0	21	21	0
PDF	2000	1	581	335	81	137	61	0	6	3	0	10	10	0
PDF	2001	1	587	357	83	122	68	0	0	5	0	7	7	0
PDF	2002	0	594	384	111	86	34	1	12	1	0	10	10	0
PDF	2003	2	624	388	118	112	34	2	16	4	0	17	17	0
PDF	2004	10	718	465	141	108	51	3	7	3	0	19	19	0
PDF	2005	11	746	433	130	96	90	23	22	5	0	13	13	0
PDF	2006	12	790	447	155	128	84	14	24	3	0	26	26	0
PDF	2007	13	940	573	177	124	85	31	31	8	0	28	28	0
PDF	2008	97	1735	1085	415	153	85	56	52	27	2	17	17	0
PDF	2009	102	1676	1033	375	185	100	99	28	31	2	37	31	7
PDF	2010	34	1628	1084	345	150	76	72	35	40	1	41	34	7
PDF	2011	21	1859	1258	438	136	116	91	56	32	6	115	107	10
PDF	2012	46	1985	1311	469	149	103	116	51	28	8	153	143	15
PDF	2013	30	2165	1444	443	155	121	135	90	26	9	243	226	25
PDF	2014	70	2260	1549	455	172	126	117	70	23	13	305	272	52
PDF	2015	56	2238	1540	489	190	91	116	69	34	11	341	309	61
PDF	2016	44	2204	1555	411	194	107	95	77	29	15	316	280	57
PDF	2017	62	2469	1733	408	184	181	85	102	32	16	384	345	89
PDF	2018	98	2470	1759	403	199	144	95	86	29	11	607	543	105
PDF	2019	220	2686	1982	509	229	121	87	84	41	15	921	849	123
PDF	2020	332	2965	2180	612	209	176	79	74	57	34	1055	958	158
PDF	2021	446	3179	2415	532	195	189	86	118	100	43	1060	917	223
PDF	2022	491	2778	2030	489	215	156	83	125	79	49	975	846	231
PDF	2023	384	2071	1472	374	149	102	107	109	54	58	766	649	188
PDF	2024	76	400	283	72	33	20	18	13	12	9	168	148	37
PNG	2006	0	0	0	0	0	0	0	0	0	0	0	0	0
PNG	2009	0	1	1	0	0	0	0	0	0	0	0	0	0
PNG	2010	0	1	0	1	0	0	0	0	0	0	0	0	0
PNG	2015	0	0	0	0	0	0	0	0	0	0	0	0	0
PNG	2016	0	0	0	0	0	0	0	0	0	0	0	0	0
PNG	2018	0	0	0	0	0	0	0	0	0	0	0	0	0
PNG	2019	0	1	0	0	1	0	0	0	0	0	0	0	0
PNG	2020	0	0	0	0	0	0	0	0	0	0	0	0	0
PNG	2021	17	17	15	3	0	2	0	0	0	1	6	5	1
PNG	2022	16	17	16	6	1	1	0	5	0	0	2	2	0
PNG	2023	5	5	3	2	0	0	0	0	0	0	2	2	0
PPT	2006	2	0	0	0	0	0	0	0	0	0	0	0	0
PPT	2008	4	4	0	4	0	0	0	0	0	0	0	0	0
PPT	2009	1	1	0	1	0	0	0	0	0	0	1	1	0
PPT	2010	0	1	1	0	0	0	0	0	0	0	0	0	0
PPT	2013	1	1	1	0	0	0	0	0	0	0	0	0	0
PPTX	2013	1	1	0	0	1	0	0	0	0	0	0	0	0
PPTX	2014	1	0	0	0	0	0	0	0	0	0	1	1	0
PPTX	2015	1	0	0	0	0	0	0	0	0	0	0	0	0
PPTX	2016	0	0	0	0	0	0	0	0	0	0	0	0	0
PPTX	2017	0	0	0	0	0	0	0	0	0	0	0	0	0
PPTX	2018	1	1	1	0	0	0	0	0	0	0	0	0	0
PPTX	2019	7	10	7	0	0	0	3	0	0	0	0	0	0
PPTX	2020	2	2	1	1	0	0	0	0	0	0	2	2	0
PPTX	2021	6	6	6	0	0	0	0	0	0	0	1	1	0
PPTX	2022	6	4	2	2	0	0	0	0	0	0	3	3	0
PPTX	2023	2	2	2	2	0	0	0	0	0	0	1	1	0
PPTX	2024	1	1	1	0	0	0	0	0	0	0	0	0	0
PS	1996	0	0	0	0	0	0	0	0	0	0	0	0	0
PS	2001	0	0	0	0	0	0	0	0	0	0	0	0	0
PS	2002	0	0	0	0	0	0	0	0	0	0	0	0	0
PS	2004	0	0	0	0	0	0	0	0	0	0	0	0	0
PS	2006	0	0	0	0	0	0	0	0	0	0	0	0	0
PS	2009	0	0	0	0	0	0	0	0	0	0	0	0	0
RAR	2016	2	0	0	0	0	0	0	0	0	0	0	0	0
RAR	2018	3	0	0	0	0	0	0	0	0	0	0	0	0
RTF	2008	0	0	0	0	0	0	0	0	0	0	0	0	0
RTF	2012	0	0	0	0	0	0	0	0	0	0	0	0	0
RTF	2015	0	0	0	0	0	0	0	0	0	0	0	0	0
RTF	2016	0	0	0	0	0	0	0	0	0	0	0	0	0
RTF	2019	0	1	1	0	0	0	0	0	0	0	0	0	0
RTF	2022	1	1	1	0	0	0	0	0	0	0	1	0	1
SAV	2020	2	2	2	0	0	0	0	0	0	0	2	2	0
SWF	2012	1	0	0	0	0	0	0	0	0	0	1	1	0
TAR	2015	1	0	0	0	0	0	0	0	0	0	0	0	0
TIF	2010	1	1	1	0	0	0	0	0	0	0	1	1	0
TIF	2016	2	2	2	2	2	0	0	0	0	0	2	2	0
TIF	2017	2	0	0	0	0	0	0	0	0	0	0	0	0
TIF	2018	3	3	3	0	0	0	0	0	0	0	1	1	0
TIF	2019	6	6	6	2	0	0	0	0	0	0	4	4	1
TIF	2020	20	17	17	15	0	0	0	0	0	0	9	7	2
TIF	2021	9	8	8	5	0	0	0	0	0	0	6	6	0
TIF	2022	32	31	4	27	0	0	0	0	0	0	22	22	0
TIF	2023	3	3	3	3	0	0	0	0	0	0	3	3	0
TIFF	2016	1	0	0	0	0	0	0	0	0	0	0	0	0
TIFF	2019	1	1	1	1	0	0	0	0	0	0	1	1	0
TIFF	2021	1	1	1	0	0	0	0	0	0	0	1	0	1
TIFF	2022	16	13	8	6	0	0	0	0	0	0	1	1	0
TIFF	2023	4	4	0	4	0	0	0	0	0	0	0	0	0
TXT	1992	0	1	1	0	0	1	0	0	0	0	0	0	0
TXT	1998	0	1	1	0	0	1	0	0	0	0	0	0	0
TXT	2008	3	3	0	3	0	0	0	0	0	0	0	0	0
TXT	2014	0	1	1	1	0	0	0	0	0	0	0	0	0
TXT	2018	1	1	1	0	0	0	0	0	0	0	1	0	1
TXT	2021	10	8	2	0	6	0	0	0	0	0	1	1	0
TXT	2022	2	2	2	2	0	0	0	0	0	0	0	0	0
TXT	2024	1	1	0	0	0	1	0	0	0	0	0	0	0
URL	2016	1	0	0	0	0	0	0	0	0	0	0	0	0
URL	2024	2	2	2	0	0	0	0	0	0	0	2	2	2
WEBM	2023	0	0	0	0	0	0	0	0	0	0	0	0	0
WEBP	2024	4	4	4	0	0	0	0	0	0	0	0	0	0
WMV	2015	3	3	0	3	0	0	0	0	0	0	0	0	0
XLS	2006	1	0	0	0	0	0	0	0	0	0	0	0	0
XLS	2007	0	1	0	1	0	1	0	0	0	0	0	0	0
XLS	2008	3	3	0	3	0	0	0	0	0	0	0	0	0
XLS	2009	2	2	2	1	0	0	0	0	0	0	0	0	0
XLS	2012	1	0	0	0	0	0	0	0	0	0	0	0	0
XLS	2015	2	1	0	1	0	0	0	0	0	0	0	0	0
XLS	2016	1	0	0	0	0	0	0	0	0	0	0	0	0
XLS	2017	1	0	0	0	0	0	0	0	0	0	0	0	0
XLS	2018	1	1	1	0	0	0	0	0	0	0	1	1	0
XLS	2019	6	6	6	0	0	1	0	0	0	0	0	0	0
XLS	2020	3	1	1	1	0	0	0	0	0	0	3	3	0
XLS	2021	4	4	2	2	0	0	0	0	0	0	3	3	1
XLS	2022	3	3	1	2	0	0	0	0	0	0	3	2	1
XLS	2023	7	7	7	4	0	0	0	0	0	0	4	4	0
XLSB	2021	1	1	0	1	0	0	0	0	0	0	0	0	0
XLSM	2016	0	0	0	0	0	0	0	0	0	0	0	0	0
XLSX	2011	3	0	0	0	0	0	0	0	0	0	0	0	0
XLSX	2014	6	6	0	0	6	0	0	0	0	0	0	0	0
XLSX	2015	1	1	0	1	0	0	0	0	0	0	0	0	0
XLSX	2016	6	4	4	4	4	0	0	0	0	0	4	4	0
XLSX	2017	13	2	2	0	0	0	0	0	0	0	4	3	3
XLSX	2018	7	4	2	2	0	0	0	0	0	0	3	2	1
XLSX	2019	27	27	20	11	0	3	0	0	0	0	11	10	1
XLSX	2020	90	77	55	34	7	10	1	0	0	0	40	40	17
XLSX	2021	102	95	51	56	6	7	0	1	8	0	65	53	15
XLSX	2022	147	140	89	83	20	2	0	5	0	0	63	47	27
XLSX	2023	176	167	109	83	5	6	2	0	0	2	104	104	37
XLSX	2024	28	28	25	2	0	1	0	0	0	0	13	13	2
XML	2020	2	2	2	2	0	1	0	0	0	0	2	2	0
XML	2021	1	1	0	0	0	1	0	0	0	0	0	0	0
XML	2022	4	4	4	0	0	4	0	0	0	0	0	0	0
XSPF	2020	4	4	0	4	0	0	0	0	0	0	4	4	0
ZIP	2004	1	0	0	0	0	0	0	0	0	0	0	0	0
ZIP	2005	0	0	0	0	0	0	0	0	0	0	0	0	0
ZIP	2008	1	1	0	0	1	0	0	0	0	0	0	0	0
ZIP	2009	5	5	1	4	0	0	0	0	0	0	0	0	0
ZIP	2010	2	2	1	0	1	0	0	0	0	0	0	0	0
ZIP	2015	3	0	0	0	0	0	0	0	0	0	0	0	0
ZIP	2016	3	1	0	1	0	0	0	0	0	0	1	1	0
ZIP	2017	16	1	1	0	0	0	0	0	0	0	1	1	0
ZIP	2018	5	4	3	0	1	0	0	0	0	0	0	0	0
ZIP	2019	20	16	16	1	0	0	0	0	0	0	6	4	2
ZIP	2020	48	44	33	16	4	0	0	0	0	0	25	23	4
ZIP	2021	72	71	60	23	2	1	1	1	0	0	24	22	3
ZIP	2022	55	53	43	15	3	2	1	0	0	0	21	19	4
ZIP	2023	33	33	24	12	1	0	0	1	0	0	14	13	5
ZIP	2024	9	9	7	5	1	0	0	0	0	0	4	4	0
